id,prefix,source_stamp,window_id,network,station,channel,start_time_utc,local_time,label,label_name,rule,label_method,event_id,rms,rms_band,band_ratio,kurtosis_band
AM_romig_traffic_2026-09-09__1,AM_romig_traffic_2026-09-09,20260914_130103,1,AM,R1796,EHZ,2026-09-09T09:01:59.996000Z,2026-09-09 01:01 Wed,0,Noise,time of day,timeofday:America/Anchorage:day7-19:night1-5,,292.8,266.1,0.826,3.4
AM_romig_traffic_2026-09-09__11,AM_romig_traffic_2026-09-09,20260914_130103,11,AM,R1796,EHZ,2026-09-09T09:11:59.996000Z,2026-09-09 01:11 Wed,0,Noise,time of day,timeofday:America/Anchorage:day7-19:night1-5,,436.7,384.1,0.774,4.2
AM_romig_traffic_2026-09-09__26,AM_romig_traffic_2026-09-09,20260914_130103,26,AM,R1796,EHZ,2026-09-09T09:26:59.996000Z,2026-09-09 01:26 Wed,0,Noise,time of day,timeofday:America/Anchorage:day7-19:night1-5,,270.1,236.0,0.764,4.8
AM_romig_traffic_2026-09-09__28,AM_romig_traffic_2026-09-09,20260914_130103,28,AM,R1796,EHZ,2026-09-09T09:28:59.996000Z,2026-09-09 01:28 Wed,0,Noise,time of day,timeofday:America/Anchorage:day7-19:night1-5,,259.2,232.1,0.802,5.2
AM_romig_traffic_2026-09-09__45,AM_romig_traffic_2026-09-09,20260914_130103,45,AM,R1796,EHZ,2026-09-09T09:45:59.996000Z,2026-09-09 01:45 Wed,0,Noise,time of day,timeofday:America/Anchorage:day7-19:night1-5,,208.9,164.8,0.622,0.42
AM_romig_traffic_2026-09-09__57,AM_romig_traffic_2026-09-09,20260914_130103,57,AM,R1796,EHZ,2026-09-09T09:57:59.996000Z,2026-09-09 01:57 Wed,0,Noise,time of day,timeofday:America/Anchorage:day7-19:night1-5,,324.8,289.7,0.796,5.33
AM_romig_traffic_2026-09-09__59,AM_romig_traffic_2026-09-09,20260914_130103,59,AM,R1796,EHZ,2026-09-09T09:59:59.996000Z,2026-09-09 01:59 Wed,0,Noise,time of day,timeofday:America/Anchorage:day7-19:night1-5,,413.8,398.9,0.929,23.4
AM_romig_traffic_2026-09-09__103,AM_romig_traffic_2026-09-09,20260914_130103,103,AM,R1796,EHZ,2026-09-09T10:43:59.996000Z,2026-09-09 02:43 Wed,0,Noise,time of day,timeofday:America/Anchorage:day7-19:night1-5,,225.0,191.3,0.723,1.26
AM_romig_traffic_2026-09-09__108,AM_romig_traffic_2026-09-09,20260914_130103,108,AM,R1796,EHZ,2026-09-09T10:48:59.996000Z,2026-09-09 02:48 Wed,0,Noise,time of day,timeofday:America/Anchorage:day7-19:night1-5,,267.4,235.3,0.775,1.45
AM_romig_traffic_2026-09-09__120,AM_romig_traffic_2026-09-09,20260914_130103,120,AM,R1796,EHZ,2026-09-09T11:03:59.996000Z,2026-09-09 03:03 Wed,0,Noise,time of day,timeofday:America/Anchorage:day7-19:night1-5,,204.3,172.2,0.71,2.48
AM_romig_traffic_2026-09-09__127,AM_romig_traffic_2026-09-09,20260914_130103,127,AM,R1796,EHZ,2026-09-09T11:10:59.996000Z,2026-09-09 03:10 Wed,0,Noise,time of day,timeofday:America/Anchorage:day7-19:night1-5,,232.5,205.0,0.778,1.88
AM_romig_traffic_2026-09-09__142,AM_romig_traffic_2026-09-09,20260914_130103,142,AM,R1796,EHZ,2026-09-09T11:25:59.996000Z,2026-09-09 03:25 Wed,0,Noise,time of day,timeofday:America/Anchorage:day7-19:night1-5,,265.7,244.6,0.848,9.49
AM_romig_traffic_2026-09-09__164,AM_romig_traffic_2026-09-09,20260914_130103,164,AM,R1796,EHZ,2026-09-09T11:47:59.996000Z,2026-09-09 03:47 Wed,0,Noise,time of day,timeofday:America/Anchorage:day7-19:night1-5,,322.1,291.3,0.818,2.96
AM_romig_traffic_2026-09-09__178,AM_romig_traffic_2026-09-09,20260914_130103,178,AM,R1796,EHZ,2026-09-09T12:01:59.996000Z,2026-09-09 04:01 Wed,0,Noise,time of day,timeofday:America/Anchorage:day7-19:night1-5,,383.5,358.5,0.874,7.41
AM_romig_traffic_2026-09-09__180,AM_romig_traffic_2026-09-09,20260914_130103,180,AM,R1796,EHZ,2026-09-09T12:03:59.996000Z,2026-09-09 04:03 Wed,0,Noise,time of day,timeofday:America/Anchorage:day7-19:night1-5,,294.3,266.2,0.818,41.74
AM_romig_traffic_2026-09-09__183,AM_romig_traffic_2026-09-09,20260914_130103,183,AM,R1796,EHZ,2026-09-09T12:06:59.996000Z,2026-09-09 04:06 Wed,0,Noise,time of day,timeofday:America/Anchorage:day7-19:night1-5,,397.8,335.7,0.712,7.08
AM_romig_traffic_2026-09-09__187,AM_romig_traffic_2026-09-09,20260914_130103,187,AM,R1796,EHZ,2026-09-09T12:10:59.996000Z,2026-09-09 04:10 Wed,0,Noise,time of day,timeofday:America/Anchorage:day7-19:night1-5,,255.1,215.2,0.712,2.95
AM_romig_traffic_2026-09-09__192,AM_romig_traffic_2026-09-09,20260914_130103,192,AM,R1796,EHZ,2026-09-09T12:15:59.996000Z,2026-09-09 04:15 Wed,0,Noise,time of day,timeofday:America/Anchorage:day7-19:night1-5,,290.5,264.2,0.827,9.12
AM_romig_traffic_2026-09-09__195,AM_romig_traffic_2026-09-09,20260914_130103,195,AM,R1796,EHZ,2026-09-09T12:18:59.996000Z,2026-09-09 04:18 Wed,0,Noise,time of day,timeofday:America/Anchorage:day7-19:night1-5,,407.2,363.0,0.795,11.6
AM_romig_traffic_2026-09-09__200,AM_romig_traffic_2026-09-09,20260914_130103,200,AM,R1796,EHZ,2026-09-09T12:23:59.996000Z,2026-09-09 04:23 Wed,0,Noise,time of day,timeofday:America/Anchorage:day7-19:night1-5,,267.5,209.2,0.611,0.91
AM_romig_traffic_2026-09-09__261,AM_romig_traffic_2026-09-09,20260914_130103,261,AM,R1796,EHZ,2026-09-09T15:24:59.996000Z,2026-09-09 07:24 Wed,1,Traffic,time of day,timeofday:America/Anchorage:day7-19:night1-5,,918.6,817.9,0.793,1.33
AM_romig_traffic_2026-09-09__267,AM_romig_traffic_2026-09-09,20260914_130103,267,AM,R1796,EHZ,2026-09-09T15:30:59.996000Z,2026-09-09 07:30 Wed,1,Traffic,time of day,timeofday:America/Anchorage:day7-19:night1-5,,965.7,913.7,0.895,1.38
AM_romig_traffic_2026-09-09__316,AM_romig_traffic_2026-09-09,20260914_130103,316,AM,R1796,EHZ,2026-09-09T16:19:59.996000Z,2026-09-09 08:19 Wed,1,Traffic,time of day,timeofday:America/Anchorage:day7-19:night1-5,,2109.7,1934.7,0.841,6.22
AM_romig_traffic_2026-09-09__335,AM_romig_traffic_2026-09-09,20260914_130103,335,AM,R1796,EHZ,2026-09-09T16:38:59.996000Z,2026-09-09 08:38 Wed,1,Traffic,time of day,timeofday:America/Anchorage:day7-19:night1-5,,1902.3,1602.0,0.709,0.88
AM_romig_traffic_2026-09-09__347,AM_romig_traffic_2026-09-09,20260914_130103,347,AM,R1796,EHZ,2026-09-09T16:50:59.996000Z,2026-09-09 08:50 Wed,1,Traffic,time of day,timeofday:America/Anchorage:day7-19:night1-5,,1517.2,1353.1,0.795,0.86
AM_romig_traffic_2026-09-09__385,AM_romig_traffic_2026-09-09,20260914_130103,385,AM,R1796,EHZ,2026-09-09T17:28:59.996000Z,2026-09-09 09:28 Wed,1,Traffic,time of day,timeofday:America/Anchorage:day7-19:night1-5,,1832.7,1679.9,0.84,4.65
AM_romig_traffic_2026-09-09__546,AM_romig_traffic_2026-09-09,20260914_130103,546,AM,R1796,EHZ,2026-09-09T20:18:59.996000Z,2026-09-09 12:18 Wed,1,Traffic,time of day,timeofday:America/Anchorage:day7-19:night1-5,,2604.1,2365.0,0.825,0.55
AM_romig_traffic_2026-09-09__548,AM_romig_traffic_2026-09-09,20260914_130103,548,AM,R1796,EHZ,2026-09-09T20:20:59.996000Z,2026-09-09 12:20 Wed,1,Traffic,time of day,timeofday:America/Anchorage:day7-19:night1-5,,1779.3,1632.7,0.842,0.11
AM_romig_traffic_2026-09-09__557,AM_romig_traffic_2026-09-09,20260914_130103,557,AM,R1796,EHZ,2026-09-09T20:32:59.996000Z,2026-09-09 12:32 Wed,1,Traffic,time of day,timeofday:America/Anchorage:day7-19:night1-5,,1130.4,984.0,0.758,2.91
AM_romig_traffic_2026-09-09__563,AM_romig_traffic_2026-09-09,20260914_130103,563,AM,R1796,EHZ,2026-09-09T20:38:59.996000Z,2026-09-09 12:38 Wed,1,Traffic,time of day,timeofday:America/Anchorage:day7-19:night1-5,,1097.7,961.8,0.768,0.83
AM_romig_traffic_2026-09-09__596,AM_romig_traffic_2026-09-09,20260914_130103,596,AM,R1796,EHZ,2026-09-09T21:11:59.996000Z,2026-09-09 13:11 Wed,1,Traffic,time of day,timeofday:America/Anchorage:day7-19:night1-5,,3341.9,3222.1,0.93,3.23
AM_romig_traffic_2026-09-09__660,AM_romig_traffic_2026-09-09,20260914_130103,660,AM,R1796,EHZ,2026-09-09T22:18:59.996000Z,2026-09-09 14:18 Wed,1,Traffic,time of day,timeofday:America/Anchorage:day7-19:night1-5,,1293.9,1114.6,0.742,0.98
AM_romig_traffic_2026-09-09__679,AM_romig_traffic_2026-09-09,20260914_130103,679,AM,R1796,EHZ,2026-09-09T22:37:59.996000Z,2026-09-09 14:37 Wed,1,Traffic,time of day,timeofday:America/Anchorage:day7-19:night1-5,,1197.4,1050.3,0.769,1.56
AM_romig_traffic_2026-09-09__803,AM_romig_traffic_2026-09-09,20260914_130103,803,AM,R1796,EHZ,2026-09-10T00:41:59.996000Z,2026-09-09 16:41 Wed,1,Traffic,time of day,timeofday:America/Anchorage:day7-19:night1-5,,1703.7,1523.9,0.8,2.53
AM_romig_traffic_2026-09-09__815,AM_romig_traffic_2026-09-09,20260914_130103,815,AM,R1796,EHZ,2026-09-10T00:53:59.996000Z,2026-09-09 16:53 Wed,1,Traffic,time of day,timeofday:America/Anchorage:day7-19:night1-5,,1366.8,1204.2,0.776,4.73
AM_romig_traffic_2026-09-09__819,AM_romig_traffic_2026-09-09,20260914_130103,819,AM,R1796,EHZ,2026-09-10T00:57:59.996000Z,2026-09-09 16:57 Wed,1,Traffic,time of day,timeofday:America/Anchorage:day7-19:night1-5,,1208.6,1042.1,0.743,0.37
AM_romig_traffic_2026-09-09__829,AM_romig_traffic_2026-09-09,20260914_130103,829,AM,R1796,EHZ,2026-09-10T01:07:59.996000Z,2026-09-09 17:07 Wed,1,Traffic,time of day,timeofday:America/Anchorage:day7-19:night1-5,,1433.2,1233.3,0.74,0.6
AM_romig_traffic_2026-09-09__880,AM_romig_traffic_2026-09-09,20260914_130103,880,AM,R1796,EHZ,2026-09-10T01:58:59.996000Z,2026-09-09 17:58 Wed,1,Traffic,time of day,timeofday:America/Anchorage:day7-19:night1-5,,1933.3,1855.2,0.921,9.29
AM_romig_traffic_2026-09-09__915,AM_romig_traffic_2026-09-09,20260914_130103,915,AM,R1796,EHZ,2026-09-10T02:33:59.996000Z,2026-09-09 18:33 Wed,1,Traffic,time of day,timeofday:America/Anchorage:day7-19:night1-5,,1070.1,991.3,0.858,3.44
AM_romig_traffic_2026-09-09__935,AM_romig_traffic_2026-09-09,20260914_130103,935,AM,R1796,EHZ,2026-09-10T02:53:59.996000Z,2026-09-09 18:53 Wed,1,Traffic,time of day,timeofday:America/Anchorage:day7-19:night1-5,,735.3,646.6,0.773,2.31
AM_romig_traffic_2026-09-09__2,AM_romig_traffic_2026-09-09,20260914_130103,2,AM,R1796,EHZ,2026-09-09T09:02:59.996000Z,2026-09-09 01:02 Wed,1,Traffic,night burst,timeofday:America/Anchorage:day7-19:night1-5+burst>=20x,,358.4,326.1,0.828,42.6
AM_romig_traffic_2026-09-09__18,AM_romig_traffic_2026-09-09,20260914_130103,18,AM,R1796,EHZ,2026-09-09T09:18:59.996000Z,2026-09-09 01:18 Wed,1,Traffic,night burst,timeofday:America/Anchorage:day7-19:night1-5+burst>=20x,,583.4,561.8,0.928,85.51
AM_romig_traffic_2026-09-09__64,AM_romig_traffic_2026-09-09,20260914_130103,64,AM,R1796,EHZ,2026-09-09T10:04:59.996000Z,2026-09-09 02:04 Wed,1,Traffic,night burst,timeofday:America/Anchorage:day7-19:night1-5+burst>=20x,,1193.0,1056.5,0.784,5.11
AM_romig_traffic_2026-09-09__70,AM_romig_traffic_2026-09-09,20260914_130103,70,AM,R1796,EHZ,2026-09-09T10:10:59.996000Z,2026-09-09 02:10 Wed,1,Traffic,night burst,timeofday:America/Anchorage:day7-19:night1-5+burst>=20x,,352.5,331.3,0.883,53.35
AM_romig_traffic_2026-09-09__74,AM_romig_traffic_2026-09-09,20260914_130103,74,AM,R1796,EHZ,2026-09-09T10:14:59.996000Z,2026-09-09 02:14 Wed,1,Traffic,night burst,timeofday:America/Anchorage:day7-19:night1-5+burst>=20x,,944.2,740.2,0.615,12.19
AM_romig_traffic_2026-09-09__82,AM_romig_traffic_2026-09-09,20260914_130103,82,AM,R1796,EHZ,2026-09-09T10:22:59.996000Z,2026-09-09 02:22 Wed,1,Traffic,night burst,timeofday:America/Anchorage:day7-19:night1-5+burst>=20x,,410.7,394.3,0.922,57.42
AM_romig_traffic_2026-09-09__86,AM_romig_traffic_2026-09-09,20260914_130103,86,AM,R1796,EHZ,2026-09-09T10:26:59.996000Z,2026-09-09 02:26 Wed,1,Traffic,night burst,timeofday:America/Anchorage:day7-19:night1-5+burst>=20x,,641.7,496.1,0.598,10.78
AM_romig_traffic_2026-09-09__87,AM_romig_traffic_2026-09-09,20260914_130103,87,AM,R1796,EHZ,2026-09-09T10:27:59.996000Z,2026-09-09 02:27 Wed,1,Traffic,night burst,timeofday:America/Anchorage:day7-19:night1-5+burst>=20x,,1400.4,1382.7,0.975,36.32
AM_romig_traffic_2026-09-09__88,AM_romig_traffic_2026-09-09,20260914_130103,88,AM,R1796,EHZ,2026-09-09T10:28:59.996000Z,2026-09-09 02:28 Wed,1,Traffic,night burst,timeofday:America/Anchorage:day7-19:night1-5+burst>=20x,,521.1,510.6,0.96,20.2
AM_romig_traffic_2026-09-09__106,AM_romig_traffic_2026-09-09,20260914_130103,106,AM,R1796,EHZ,2026-09-09T10:46:59.996000Z,2026-09-09 02:46 Wed,1,Traffic,night burst,timeofday:America/Anchorage:day7-19:night1-5+burst>=20x,,810.5,774.8,0.914,22.39
AM_romig_traffic_2026-09-09__112,AM_romig_traffic_2026-09-09,20260914_130103,112,AM,R1796,EHZ,2026-09-09T10:52:59.996000Z,2026-09-09 02:52 Wed,1,Traffic,night burst,timeofday:America/Anchorage:day7-19:night1-5+burst>=20x,,801.5,784.7,0.958,48.98
AM_romig_traffic_2026-09-09__117,AM_romig_traffic_2026-09-09,20260914_130103,117,AM,R1796,EHZ,2026-09-09T11:00:59.996000Z,2026-09-09 03:00 Wed,1,Traffic,night burst,timeofday:America/Anchorage:day7-19:night1-5+burst>=20x,,548.1,514.3,0.88,29.92
AM_romig_traffic_2026-09-09__135,AM_romig_traffic_2026-09-09,20260914_130103,135,AM,R1796,EHZ,2026-09-09T11:18:59.996000Z,2026-09-09 03:18 Wed,1,Traffic,night burst,timeofday:America/Anchorage:day7-19:night1-5+burst>=20x,,976.3,952.0,0.951,23.84
AM_romig_traffic_2026-09-09__138,AM_romig_traffic_2026-09-09,20260914_130103,138,AM,R1796,EHZ,2026-09-09T11:21:59.996000Z,2026-09-09 03:21 Wed,1,Traffic,night burst,timeofday:America/Anchorage:day7-19:night1-5+burst>=20x,,523.2,509.0,0.946,65.17
AM_romig_traffic_2026-09-09__139,AM_romig_traffic_2026-09-09,20260914_130103,139,AM,R1796,EHZ,2026-09-09T11:22:59.996000Z,2026-09-09 03:22 Wed,1,Traffic,night burst,timeofday:America/Anchorage:day7-19:night1-5+burst>=20x,,531.9,509.8,0.919,18.98
AM_romig_traffic_2026-09-09__150,AM_romig_traffic_2026-09-09,20260914_130103,150,AM,R1796,EHZ,2026-09-09T11:33:59.996000Z,2026-09-09 03:33 Wed,1,Traffic,night burst,timeofday:America/Anchorage:day7-19:night1-5+burst>=20x,,492.0,443.0,0.811,22.25
AM_romig_traffic_2026-09-09__155,AM_romig_traffic_2026-09-09,20260914_130103,155,AM,R1796,EHZ,2026-09-09T11:38:59.996000Z,2026-09-09 03:38 Wed,1,Traffic,night burst,timeofday:America/Anchorage:day7-19:night1-5+burst>=20x,,1730.0,1719.1,0.987,33.0
AM_romig_traffic_2026-09-09__158,AM_romig_traffic_2026-09-09,20260914_130103,158,AM,R1796,EHZ,2026-09-09T11:41:59.996000Z,2026-09-09 03:41 Wed,1,Traffic,night burst,timeofday:America/Anchorage:day7-19:night1-5+burst>=20x,,910.6,885.4,0.945,21.96
AM_romig_traffic_2026-09-09__169,AM_romig_traffic_2026-09-09,20260914_130103,169,AM,R1796,EHZ,2026-09-09T11:52:59.996000Z,2026-09-09 03:52 Wed,1,Traffic,night burst,timeofday:America/Anchorage:day7-19:night1-5+burst>=20x,,661.2,640.3,0.938,57.29
AM_romig_traffic_2026-09-09__171,AM_romig_traffic_2026-09-09,20260914_130103,171,AM,R1796,EHZ,2026-09-09T11:54:59.996000Z,2026-09-09 03:54 Wed,1,Traffic,night burst,timeofday:America/Anchorage:day7-19:night1-5+burst>=20x,,419.2,401.8,0.918,21.16
AM_romig_traffic_2026-09-09__188,AM_romig_traffic_2026-09-09,20260914_130103,188,AM,R1796,EHZ,2026-09-09T12:11:59.996000Z,2026-09-09 04:11 Wed,1,Traffic,night burst,timeofday:America/Anchorage:day7-19:night1-5+burst>=20x,,671.5,638.9,0.905,23.89
AM_romig_traffic_2026-09-09__189,AM_romig_traffic_2026-09-09,20260914_130103,189,AM,R1796,EHZ,2026-09-09T12:12:59.996000Z,2026-09-09 04:12 Wed,1,Traffic,night burst,timeofday:America/Anchorage:day7-19:night1-5+burst>=20x,,636.5,576.6,0.821,22.4
AM_romig_traffic_2026-09-09__202,AM_romig_traffic_2026-09-09,20260914_130103,202,AM,R1796,EHZ,2026-09-09T12:25:59.996000Z,2026-09-09 04:25 Wed,1,Traffic,night burst,timeofday:America/Anchorage:day7-19:night1-5+burst>=20x,,532.0,505.4,0.902,19.67
AM_romig_traffic_2026-09-09__205,AM_romig_traffic_2026-09-09,20260914_130103,205,AM,R1796,EHZ,2026-09-09T12:28:59.996000Z,2026-09-09 04:28 Wed,1,Traffic,night burst,timeofday:America/Anchorage:day7-19:night1-5+burst>=20x,,1324.4,1153.1,0.758,31.59
AM_romig_traffic_2026-09-09__206,AM_romig_traffic_2026-09-09,20260914_130103,206,AM,R1796,EHZ,2026-09-09T12:29:59.996000Z,2026-09-09 04:29 Wed,1,Traffic,night burst,timeofday:America/Anchorage:day7-19:night1-5+burst>=20x,,1482.1,1453.0,0.961,20.7
AM_romig_traffic_2026-09-09__211,AM_romig_traffic_2026-09-09,20260914_130103,211,AM,R1796,EHZ,2026-09-09T12:34:59.996000Z,2026-09-09 04:34 Wed,1,Traffic,night burst,timeofday:America/Anchorage:day7-19:night1-5+burst>=20x,,1288.3,1267.5,0.968,26.19
AM_romig_traffic_2026-09-09__213,AM_romig_traffic_2026-09-09,20260914_130103,213,AM,R1796,EHZ,2026-09-09T12:36:59.996000Z,2026-09-09 04:36 Wed,1,Traffic,night burst,timeofday:America/Anchorage:day7-19:night1-5+burst>=20x,,623.2,585.6,0.883,15.28
AM_romig_traffic_2026-09-09__215,AM_romig_traffic_2026-09-09,20260914_130103,215,AM,R1796,EHZ,2026-09-09T12:38:59.996000Z,2026-09-09 04:38 Wed,1,Traffic,night burst,timeofday:America/Anchorage:day7-19:night1-5+burst>=20x,,949.2,931.0,0.962,16.52
AM_romig_traffic_2026-09-09__217,AM_romig_traffic_2026-09-09,20260914_130103,217,AM,R1796,EHZ,2026-09-09T12:40:59.996000Z,2026-09-09 04:40 Wed,1,Traffic,night burst,timeofday:America/Anchorage:day7-19:night1-5+burst>=20x,,1112.4,1029.4,0.856,59.1
AM_romig_traffic_2026-09-09__225,AM_romig_traffic_2026-09-09,20260914_130103,225,AM,R1796,EHZ,2026-09-09T12:48:59.996000Z,2026-09-09 04:48 Wed,1,Traffic,night burst,timeofday:America/Anchorage:day7-19:night1-5+burst>=20x,,468.4,424.3,0.821,18.11
AM_romig_traffic_2026-09-09__226,AM_romig_traffic_2026-09-09,20260914_130103,226,AM,R1796,EHZ,2026-09-09T12:49:59.996000Z,2026-09-09 04:49 Wed,1,Traffic,night burst,timeofday:America/Anchorage:day7-19:night1-5+burst>=20x,,1085.2,1010.6,0.867,59.92
AM_romig_traffic_2026-09-09__228,AM_romig_traffic_2026-09-09,20260914_130103,228,AM,R1796,EHZ,2026-09-09T12:51:59.996000Z,2026-09-09 04:51 Wed,1,Traffic,night burst,timeofday:America/Anchorage:day7-19:night1-5+burst>=20x,,771.5,645.8,0.701,16.34
AM_romig_traffic_2026-09-09__229,AM_romig_traffic_2026-09-09,20260914_130103,229,AM,R1796,EHZ,2026-09-09T12:52:59.996000Z,2026-09-09 04:52 Wed,1,Traffic,night burst,timeofday:America/Anchorage:day7-19:night1-5+burst>=20x,,749.2,712.5,0.904,35.19
AM_romig_traffic_2026-09-09__235,AM_romig_traffic_2026-09-09,20260914_130103,235,AM,R1796,EHZ,2026-09-09T12:58:59.996000Z,2026-09-09 04:58 Wed,1,Traffic,night burst,timeofday:America/Anchorage:day7-19:night1-5+burst>=20x,,1014.7,856.1,0.712,5.28
AM_romig_traffic_2026-09-09__952,AM_romig_traffic_2026-09-09,20260914_130103,952,AM,R3130,EHZ,2026-09-09T09:10:59.995000Z,2026-09-09 01:10 Wed,0,Noise,time of day,timeofday:America/Anchorage:day7-19:night1-5,,246.8,220.7,0.799,1.02
AM_romig_traffic_2026-09-09__963,AM_romig_traffic_2026-09-09,20260914_130103,963,AM,R3130,EHZ,2026-09-09T09:21:59.995000Z,2026-09-09 01:21 Wed,0,Noise,time of day,timeofday:America/Anchorage:day7-19:night1-5,,226.0,200.3,0.786,0.65
AM_romig_traffic_2026-09-09__975,AM_romig_traffic_2026-09-09,20260914_130103,975,AM,R3130,EHZ,2026-09-09T09:33:59.995000Z,2026-09-09 01:33 Wed,0,Noise,time of day,timeofday:America/Anchorage:day7-19:night1-5,,242.6,218.8,0.813,5.15
AM_romig_traffic_2026-09-09__983,AM_romig_traffic_2026-09-09,20260914_130103,983,AM,R3130,EHZ,2026-09-09T09:41:59.995000Z,2026-09-09 01:41 Wed,0,Noise,time of day,timeofday:America/Anchorage:day7-19:night1-5,,261.9,238.3,0.828,1.61
AM_romig_traffic_2026-09-09__998,AM_romig_traffic_2026-09-09,20260914_130103,998,AM,R3130,EHZ,2026-09-09T09:56:59.995000Z,2026-09-09 01:56 Wed,0,Noise,time of day,timeofday:America/Anchorage:day7-19:night1-5,,233.3,204.0,0.764,0.16
AM_romig_traffic_2026-09-09__999,AM_romig_traffic_2026-09-09,20260914_130103,999,AM,R3130,EHZ,2026-09-09T09:57:59.995000Z,2026-09-09 01:57 Wed,0,Noise,time of day,timeofday:America/Anchorage:day7-19:night1-5,,253.0,214.5,0.719,0.21
AM_romig_traffic_2026-09-09__1051,AM_romig_traffic_2026-09-09,20260914_130103,1051,AM,R3130,EHZ,2026-09-09T10:49:59.995000Z,2026-09-09 02:49 Wed,0,Noise,time of day,timeofday:America/Anchorage:day7-19:night1-5,,240.2,212.2,0.781,0.31
AM_romig_traffic_2026-09-09__1055,AM_romig_traffic_2026-09-09,20260914_130103,1055,AM,R3130,EHZ,2026-09-09T10:56:59.995000Z,2026-09-09 02:56 Wed,0,Noise,time of day,timeofday:America/Anchorage:day7-19:night1-5,,232.3,198.2,0.728,0.33
AM_romig_traffic_2026-09-09__1058,AM_romig_traffic_2026-09-09,20260914_130103,1058,AM,R3130,EHZ,2026-09-09T10:59:59.995000Z,2026-09-09 02:59 Wed,0,Noise,time of day,timeofday:America/Anchorage:day7-19:night1-5,,232.3,201.7,0.753,0.35
AM_romig_traffic_2026-09-09__1061,AM_romig_traffic_2026-09-09,20260914_130103,1061,AM,R3130,EHZ,2026-09-09T11:02:59.995000Z,2026-09-09 03:02 Wed,0,Noise,time of day,timeofday:America/Anchorage:day7-19:night1-5,,237.7,213.3,0.805,3.42
AM_romig_traffic_2026-09-09__1067,AM_romig_traffic_2026-09-09,20260914_130103,1067,AM,R3130,EHZ,2026-09-09T11:08:59.995000Z,2026-09-09 03:08 Wed,0,Noise,time of day,timeofday:America/Anchorage:day7-19:night1-5,,204.4,176.4,0.745,0.05
AM_romig_traffic_2026-09-09__1084,AM_romig_traffic_2026-09-09,20260914_130103,1084,AM,R3130,EHZ,2026-09-09T11:25:59.995000Z,2026-09-09 03:25 Wed,0,Noise,time of day,timeofday:America/Anchorage:day7-19:night1-5,,222.7,196.4,0.778,0.13
AM_romig_traffic_2026-09-09__1086,AM_romig_traffic_2026-09-09,20260914_130103,1086,AM,R3130,EHZ,2026-09-09T11:27:59.995000Z,2026-09-09 03:27 Wed,0,Noise,time of day,timeofday:America/Anchorage:day7-19:night1-5,,211.7,183.2,0.749,0.01
AM_romig_traffic_2026-09-09__1101,AM_romig_traffic_2026-09-09,20260914_130103,1101,AM,R3130,EHZ,2026-09-09T11:42:59.995000Z,2026-09-09 03:42 Wed,0,Noise,time of day,timeofday:America/Anchorage:day7-19:night1-5,,217.9,187.5,0.741,0.2
AM_romig_traffic_2026-09-09__1111,AM_romig_traffic_2026-09-09,20260914_130103,1111,AM,R3130,EHZ,2026-09-09T11:52:59.995000Z,2026-09-09 03:52 Wed,0,Noise,time of day,timeofday:America/Anchorage:day7-19:night1-5,,304.2,279.4,0.843,10.36
AM_romig_traffic_2026-09-09__1131,AM_romig_traffic_2026-09-09,20260914_130103,1131,AM,R3130,EHZ,2026-09-09T12:12:59.995000Z,2026-09-09 04:12 Wed,0,Noise,time of day,timeofday:America/Anchorage:day7-19:night1-5,,437.9,383.6,0.767,1.49
AM_romig_traffic_2026-09-09__1135,AM_romig_traffic_2026-09-09,20260914_130103,1135,AM,R3130,EHZ,2026-09-09T12:16:59.995000Z,2026-09-09 04:16 Wed,0,Noise,time of day,timeofday:America/Anchorage:day7-19:night1-5,,360.6,313.8,0.757,2.27
AM_romig_traffic_2026-09-09__1152,AM_romig_traffic_2026-09-09,20260914_130103,1152,AM,R3130,EHZ,2026-09-09T12:33:59.995000Z,2026-09-09 04:33 Wed,0,Noise,time of day,timeofday:America/Anchorage:day7-19:night1-5,,276.3,247.6,0.803,0.94
AM_romig_traffic_2026-09-09__1155,AM_romig_traffic_2026-09-09,20260914_130103,1155,AM,R3130,EHZ,2026-09-09T12:36:59.995000Z,2026-09-09 04:36 Wed,0,Noise,time of day,timeofday:America/Anchorage:day7-19:night1-5,,343.9,314.3,0.835,4.27
AM_romig_traffic_2026-09-09__1177,AM_romig_traffic_2026-09-09,20260914_130103,1177,AM,R3130,EHZ,2026-09-09T12:58:59.995000Z,2026-09-09 04:58 Wed,0,Noise,time of day,timeofday:America/Anchorage:day7-19:night1-5,,775.9,626.6,0.652,4.31
AM_romig_traffic_2026-09-09__1215,AM_romig_traffic_2026-09-09,20260914_130103,1215,AM,R3130,EHZ,2026-09-09T15:36:59.995000Z,2026-09-09 07:36 Wed,1,Traffic,time of day,timeofday:America/Anchorage:day7-19:night1-5,,1039.1,973.4,0.878,1.58
AM_romig_traffic_2026-09-09__1247,AM_romig_traffic_2026-09-09,20260914_130103,1247,AM,R3130,EHZ,2026-09-09T16:08:59.995000Z,2026-09-09 08:08 Wed,1,Traffic,time of day,timeofday:America/Anchorage:day7-19:night1-5,,2351.8,2172.6,0.853,4.19
AM_romig_traffic_2026-09-09__1283,AM_romig_traffic_2026-09-09,20260914_130103,1283,AM,R3130,EHZ,2026-09-09T16:44:59.995000Z,2026-09-09 08:44 Wed,1,Traffic,time of day,timeofday:America/Anchorage:day7-19:night1-5,,1702.9,1528.7,0.806,0.94
AM_romig_traffic_2026-09-09__1346,AM_romig_traffic_2026-09-09,20260914_130103,1346,AM,R3130,EHZ,2026-09-09T17:47:59.995000Z,2026-09-09 09:47 Wed,1,Traffic,time of day,timeofday:America/Anchorage:day7-19:night1-5,,2173.0,1951.3,0.806,3.83
AM_romig_traffic_2026-09-09__1429,AM_romig_traffic_2026-09-09,20260914_130103,1429,AM,R3130,EHZ,2026-09-09T19:13:59.995000Z,2026-09-09 11:13 Wed,1,Traffic,time of day,timeofday:America/Anchorage:day7-19:night1-5,,1674.2,1582.3,0.893,1.11
AM_romig_traffic_2026-09-09__1448,AM_romig_traffic_2026-09-09,20260914_130103,1448,AM,R3130,EHZ,2026-09-09T19:35:59.995000Z,2026-09-09 11:35 Wed,1,Traffic,time of day,timeofday:America/Anchorage:day7-19:night1-5,,2450.1,2149.3,0.77,1.13
AM_romig_traffic_2026-09-09__1461,AM_romig_traffic_2026-09-09,20260914_130103,1461,AM,R3130,EHZ,2026-09-09T19:48:59.995000Z,2026-09-09 11:48 Wed,1,Traffic,time of day,timeofday:America/Anchorage:day7-19:night1-5,,1813.9,1725.5,0.905,1.07
AM_romig_traffic_2026-09-09__1465,AM_romig_traffic_2026-09-09,20260914_130103,1465,AM,R3130,EHZ,2026-09-09T19:55:59.995000Z,2026-09-09 11:55 Wed,1,Traffic,time of day,timeofday:America/Anchorage:day7-19:night1-5,,1411.0,1270.7,0.811,0.73
AM_romig_traffic_2026-09-09__1481,AM_romig_traffic_2026-09-09,20260914_130103,1481,AM,R3130,EHZ,2026-09-09T20:11:59.995000Z,2026-09-09 12:11 Wed,1,Traffic,time of day,timeofday:America/Anchorage:day7-19:night1-5,,2123.1,1743.5,0.674,0.5
AM_romig_traffic_2026-09-09__1486,AM_romig_traffic_2026-09-09,20260914_130103,1486,AM,R3130,EHZ,2026-09-09T20:16:59.995000Z,2026-09-09 12:16 Wed,1,Traffic,time of day,timeofday:America/Anchorage:day7-19:night1-5,,1773.1,1602.3,0.817,0.51
AM_romig_traffic_2026-09-09__1558,AM_romig_traffic_2026-09-09,20260914_130103,1558,AM,R3130,EHZ,2026-09-09T21:31:59.995000Z,2026-09-09 13:31 Wed,1,Traffic,time of day,timeofday:America/Anchorage:day7-19:night1-5,,1631.9,1392.0,0.728,0.9
AM_romig_traffic_2026-09-09__1570,AM_romig_traffic_2026-09-09,20260914_130103,1570,AM,R3130,EHZ,2026-09-09T21:43:59.995000Z,2026-09-09 13:43 Wed,1,Traffic,time of day,timeofday:America/Anchorage:day7-19:night1-5,,1459.9,1284.9,0.775,1.35
AM_romig_traffic_2026-09-09__1584,AM_romig_traffic_2026-09-09,20260914_130103,1584,AM,R3130,EHZ,2026-09-09T21:57:59.995000Z,2026-09-09 13:57 Wed,1,Traffic,time of day,timeofday:America/Anchorage:day7-19:night1-5,,1520.5,1407.2,0.857,1.85
AM_romig_traffic_2026-09-09__1596,AM_romig_traffic_2026-09-09,20260914_130103,1596,AM,R3130,EHZ,2026-09-09T22:12:59.995000Z,2026-09-09 14:12 Wed,1,Traffic,time of day,timeofday:America/Anchorage:day7-19:night1-5,,1256.9,1160.4,0.852,0.39
AM_romig_traffic_2026-09-09__1620,AM_romig_traffic_2026-09-09,20260914_130103,1620,AM,R3130,EHZ,2026-09-09T22:36:59.995000Z,2026-09-09 14:36 Wed,1,Traffic,time of day,timeofday:America/Anchorage:day7-19:night1-5,,1540.3,1463.0,0.902,1.2
AM_romig_traffic_2026-09-09__1648,AM_romig_traffic_2026-09-09,20260914_130103,1648,AM,R3130,EHZ,2026-09-09T23:04:59.995000Z,2026-09-09 15:04 Wed,1,Traffic,time of day,timeofday:America/Anchorage:day7-19:night1-5,,1752.6,1669.4,0.907,5.29
AM_romig_traffic_2026-09-09__1759,AM_romig_traffic_2026-09-09,20260914_130103,1759,AM,R3130,EHZ,2026-09-10T00:55:59.995000Z,2026-09-09 16:55 Wed,1,Traffic,time of day,timeofday:America/Anchorage:day7-19:night1-5,,1647.9,1548.0,0.882,0.87
AM_romig_traffic_2026-09-09__1843,AM_romig_traffic_2026-09-09,20260914_130103,1843,AM,R3130,EHZ,2026-09-10T02:19:59.995000Z,2026-09-09 18:19 Wed,1,Traffic,time of day,timeofday:America/Anchorage:day7-19:night1-5,,694.5,652.3,0.882,4.44
AM_romig_traffic_2026-09-09__1850,AM_romig_traffic_2026-09-09,20260914_130103,1850,AM,R3130,EHZ,2026-09-10T02:26:59.995000Z,2026-09-09 18:26 Wed,1,Traffic,time of day,timeofday:America/Anchorage:day7-19:night1-5,,1241.1,1214.2,0.957,5.92
AM_romig_traffic_2026-09-09__1876,AM_romig_traffic_2026-09-09,20260914_130103,1876,AM,R3130,EHZ,2026-09-10T02:52:59.995000Z,2026-09-09 18:52 Wed,1,Traffic,time of day,timeofday:America/Anchorage:day7-19:night1-5,,947.6,895.2,0.892,14.0
AM_romig_traffic_2026-09-09__951,AM_romig_traffic_2026-09-09,20260914_130103,951,AM,R3130,EHZ,2026-09-09T09:09:59.995000Z,2026-09-09 01:09 Wed,1,Traffic,night burst,timeofday:America/Anchorage:day7-19:night1-5+burst>=20x,,296.9,268.2,0.816,46.42
AM_romig_traffic_2026-09-09__1022,AM_romig_traffic_2026-09-09,20260914_130103,1022,AM,R3130,EHZ,2026-09-09T10:20:59.995000Z,2026-09-09 02:20 Wed,1,Traffic,night burst,timeofday:America/Anchorage:day7-19:night1-5+burst>=20x,,354.3,332.5,0.881,45.53
AM_romig_traffic_2026-09-09__1029,AM_romig_traffic_2026-09-09,20260914_130103,1029,AM,R3130,EHZ,2026-09-09T10:27:59.995000Z,2026-09-09 02:27 Wed,1,Traffic,night burst,timeofday:America/Anchorage:day7-19:night1-5+burst>=20x,,534.6,514.5,0.926,45.08
AM_romig_traffic_2026-09-09__1097,AM_romig_traffic_2026-09-09,20260914_130103,1097,AM,R3130,EHZ,2026-09-09T11:38:59.995000Z,2026-09-09 03:38 Wed,1,Traffic,night burst,timeofday:America/Anchorage:day7-19:night1-5+burst>=20x,,825.0,809.0,0.961,9.13
AM_romig_traffic_2026-09-09__1137,AM_romig_traffic_2026-09-09,20260914_130103,1137,AM,R3130,EHZ,2026-09-09T12:18:59.995000Z,2026-09-09 04:18 Wed,1,Traffic,night burst,timeofday:America/Anchorage:day7-19:night1-5+burst>=20x,,693.6,664.8,0.919,116.92
AM_romig_traffic_2026-09-09__1148,AM_romig_traffic_2026-09-09,20260914_130103,1148,AM,R3130,EHZ,2026-09-09T12:29:59.995000Z,2026-09-09 04:29 Wed,1,Traffic,night burst,timeofday:America/Anchorage:day7-19:night1-5+burst>=20x,,915.0,857.9,0.879,4.39
AM_romig_traffic_2026-09-09__1153,AM_romig_traffic_2026-09-09,20260914_130103,1153,AM,R3130,EHZ,2026-09-09T12:34:59.995000Z,2026-09-09 04:34 Wed,1,Traffic,night burst,timeofday:America/Anchorage:day7-19:night1-5+burst>=20x,,738.6,718.9,0.947,14.63
AM_romig_traffic_2026-09-09__1169,AM_romig_traffic_2026-09-09,20260914_130103,1169,AM,R3130,EHZ,2026-09-09T12:50:59.995000Z,2026-09-09 04:50 Wed,1,Traffic,night burst,timeofday:America/Anchorage:day7-19:night1-5+burst>=20x,,793.8,685.7,0.746,10.25
AM_romig_traffic_2026-09-12__11,AM_romig_traffic_2026-09-12,20260914_130342,11,AM,R1796,EHZ,2026-09-12T09:11:59.996000Z,2026-09-12 01:11 Sat,0,Noise,time of day,timeofday:America/Anchorage:day7-19:night1-5,,309.3,278.1,0.808,13.66
AM_romig_traffic_2026-09-12__13,AM_romig_traffic_2026-09-12,20260914_130342,13,AM,R1796,EHZ,2026-09-12T09:13:59.996000Z,2026-09-12 01:13 Sat,0,Noise,time of day,timeofday:America/Anchorage:day7-19:night1-5,,398.3,372.1,0.873,6.62
AM_romig_traffic_2026-09-12__30,AM_romig_traffic_2026-09-12,20260914_130342,30,AM,R1796,EHZ,2026-09-12T09:30:59.996000Z,2026-09-12 01:30 Sat,0,Noise,time of day,timeofday:America/Anchorage:day7-19:night1-5,,278.9,249.4,0.8,3.04
AM_romig_traffic_2026-09-12__39,AM_romig_traffic_2026-09-12,20260914_130342,39,AM,R1796,EHZ,2026-09-12T09:39:59.996000Z,2026-09-12 01:39 Sat,0,Noise,time of day,timeofday:America/Anchorage:day7-19:night1-5,,269.6,237.5,0.776,1.83
AM_romig_traffic_2026-09-12__40,AM_romig_traffic_2026-09-12,20260914_130342,40,AM,R1796,EHZ,2026-09-12T09:40:59.996000Z,2026-09-12 01:40 Sat,0,Noise,time of day,timeofday:America/Anchorage:day7-19:night1-5,,240.6,202.5,0.709,1.04
AM_romig_traffic_2026-09-12__52,AM_romig_traffic_2026-09-12,20260914_130342,52,AM,R1796,EHZ,2026-09-12T09:52:59.996000Z,2026-09-12 01:52 Sat,0,Noise,time of day,timeofday:America/Anchorage:day7-19:night1-5,,241.3,210.4,0.76,5.44
AM_romig_traffic_2026-09-12__59,AM_romig_traffic_2026-09-12,20260914_130342,59,AM,R1796,EHZ,2026-09-12T09:59:59.996000Z,2026-09-12 01:59 Sat,0,Noise,time of day,timeofday:America/Anchorage:day7-19:night1-5,,322.3,297.6,0.852,6.83
AM_romig_traffic_2026-09-12__83,AM_romig_traffic_2026-09-12,20260914_130342,83,AM,R1796,EHZ,2026-09-12T10:23:59.996000Z,2026-09-12 02:23 Sat,0,Noise,time of day,timeofday:America/Anchorage:day7-19:night1-5,,311.7,286.8,0.846,9.83
AM_romig_traffic_2026-09-12__86,AM_romig_traffic_2026-09-12,20260914_130342,86,AM,R1796,EHZ,2026-09-12T10:26:59.996000Z,2026-09-12 02:26 Sat,0,Noise,time of day,timeofday:America/Anchorage:day7-19:night1-5,,223.1,189.1,0.719,0.08
AM_romig_traffic_2026-09-12__121,AM_romig_traffic_2026-09-12,20260914_130342,121,AM,R1796,EHZ,2026-09-12T11:01:59.996000Z,2026-09-12 03:01 Sat,0,Noise,time of day,timeofday:America/Anchorage:day7-19:night1-5,,278.2,257.4,0.856,6.54
AM_romig_traffic_2026-09-12__122,AM_romig_traffic_2026-09-12,20260914_130342,122,AM,R1796,EHZ,2026-09-12T11:02:59.996000Z,2026-09-12 03:02 Sat,0,Noise,time of day,timeofday:America/Anchorage:day7-19:night1-5,,330.3,300.6,0.829,10.35
AM_romig_traffic_2026-09-12__130,AM_romig_traffic_2026-09-12,20260914_130342,130,AM,R1796,EHZ,2026-09-12T11:10:59.996000Z,2026-09-12 03:10 Sat,0,Noise,time of day,timeofday:America/Anchorage:day7-19:night1-5,,199.2,165.7,0.691,0.08
AM_romig_traffic_2026-09-12__132,AM_romig_traffic_2026-09-12,20260914_130342,132,AM,R1796,EHZ,2026-09-12T11:12:59.996000Z,2026-09-12 03:12 Sat,0,Noise,time of day,timeofday:America/Anchorage:day7-19:night1-5,,444.2,425.0,0.915,7.67
AM_romig_traffic_2026-09-12__146,AM_romig_traffic_2026-09-12,20260914_130342,146,AM,R1796,EHZ,2026-09-12T11:26:59.996000Z,2026-09-12 03:26 Sat,0,Noise,time of day,timeofday:America/Anchorage:day7-19:night1-5,,225.1,200.7,0.795,10.21
AM_romig_traffic_2026-09-12__165,AM_romig_traffic_2026-09-12,20260914_130342,165,AM,R1796,EHZ,2026-09-12T11:48:59.996000Z,2026-09-12 03:48 Sat,0,Noise,time of day,timeofday:America/Anchorage:day7-19:night1-5,,224.5,187.8,0.699,0.11
AM_romig_traffic_2026-09-12__204,AM_romig_traffic_2026-09-12,20260914_130342,204,AM,R1796,EHZ,2026-09-12T12:27:59.996000Z,2026-09-12 04:27 Sat,0,Noise,time of day,timeofday:America/Anchorage:day7-19:night1-5,,355.2,324.6,0.835,3.98
AM_romig_traffic_2026-09-12__208,AM_romig_traffic_2026-09-12,20260914_130342,208,AM,R1796,EHZ,2026-09-12T12:31:59.996000Z,2026-09-12 04:31 Sat,0,Noise,time of day,timeofday:America/Anchorage:day7-19:night1-5,,350.7,322.5,0.846,22.83
AM_romig_traffic_2026-09-12__221,AM_romig_traffic_2026-09-12,20260914_130342,221,AM,R1796,EHZ,2026-09-12T12:44:59.996000Z,2026-09-12 04:44 Sat,0,Noise,time of day,timeofday:America/Anchorage:day7-19:night1-5,,257.1,230.7,0.805,4.8
AM_romig_traffic_2026-09-12__224,AM_romig_traffic_2026-09-12,20260914_130342,224,AM,R1796,EHZ,2026-09-12T12:47:59.996000Z,2026-09-12 04:47 Sat,0,Noise,time of day,timeofday:America/Anchorage:day7-19:night1-5,,870.7,623.9,0.513,7.41
AM_romig_traffic_2026-09-12__225,AM_romig_traffic_2026-09-12,20260914_130342,225,AM,R1796,EHZ,2026-09-12T12:48:59.996000Z,2026-09-12 04:48 Sat,0,Noise,time of day,timeofday:America/Anchorage:day7-19:night1-5,,592.6,448.3,0.572,8.94
AM_romig_traffic_2026-09-12__257,AM_romig_traffic_2026-09-12,20260914_130342,257,AM,R1796,EHZ,2026-09-12T15:20:59.996000Z,2026-09-12 07:20 Sat,1,Traffic,time of day,timeofday:America/Anchorage:day7-19:night1-5,,374.9,335.3,0.8,2.82
AM_romig_traffic_2026-09-12__277,AM_romig_traffic_2026-09-12,20260914_130342,277,AM,R1796,EHZ,2026-09-12T15:40:59.996000Z,2026-09-12 07:40 Sat,1,Traffic,time of day,timeofday:America/Anchorage:day7-19:night1-5,,472.5,434.2,0.845,7.41
AM_romig_traffic_2026-09-12__292,AM_romig_traffic_2026-09-12,20260914_130342,292,AM,R1796,EHZ,2026-09-12T15:55:59.996000Z,2026-09-12 07:55 Sat,1,Traffic,time of day,timeofday:America/Anchorage:day7-19:night1-5,,428.9,379.5,0.783,9.76
AM_romig_traffic_2026-09-12__312,AM_romig_traffic_2026-09-12,20260914_130342,312,AM,R1796,EHZ,2026-09-12T16:18:59.996000Z,2026-09-12 08:18 Sat,1,Traffic,time of day,timeofday:America/Anchorage:day7-19:night1-5,,614.2,568.4,0.857,6.58
AM_romig_traffic_2026-09-12__321,AM_romig_traffic_2026-09-12,20260914_130342,321,AM,R1796,EHZ,2026-09-12T16:27:59.996000Z,2026-09-12 08:27 Sat,1,Traffic,time of day,timeofday:America/Anchorage:day7-19:night1-5,,792.1,705.3,0.793,26.11
AM_romig_traffic_2026-09-12__434,AM_romig_traffic_2026-09-12,20260914_130342,434,AM,R1796,EHZ,2026-09-12T18:23:59.996000Z,2026-09-12 10:23 Sat,1,Traffic,time of day,timeofday:America/Anchorage:day7-19:night1-5,,803.4,766.2,0.909,6.25
AM_romig_traffic_2026-09-12__478,AM_romig_traffic_2026-09-12,20260914_130342,478,AM,R1796,EHZ,2026-09-12T19:07:59.996000Z,2026-09-12 11:07 Sat,1,Traffic,time of day,timeofday:America/Anchorage:day7-19:night1-5,,691.6,623.1,0.812,3.04
AM_romig_traffic_2026-09-12__492,AM_romig_traffic_2026-09-12,20260914_130342,492,AM,R1796,EHZ,2026-09-12T19:24:59.996000Z,2026-09-12 11:24 Sat,1,Traffic,time of day,timeofday:America/Anchorage:day7-19:night1-5,,849.2,802.1,0.892,2.62
AM_romig_traffic_2026-09-12__524,AM_romig_traffic_2026-09-12,20260914_130342,524,AM,R1796,EHZ,2026-09-12T19:56:59.996000Z,2026-09-12 11:56 Sat,1,Traffic,time of day,timeofday:America/Anchorage:day7-19:night1-5,,795.9,752.5,0.894,5.01
AM_romig_traffic_2026-09-12__535,AM_romig_traffic_2026-09-12,20260914_130342,535,AM,R1796,EHZ,2026-09-12T20:09:59.996000Z,2026-09-12 12:09 Sat,1,Traffic,time of day,timeofday:America/Anchorage:day7-19:night1-5,,671.2,617.2,0.846,1.98
AM_romig_traffic_2026-09-12__540,AM_romig_traffic_2026-09-12,20260914_130342,540,AM,R1796,EHZ,2026-09-12T20:14:59.996000Z,2026-09-12 12:14 Sat,1,Traffic,time of day,timeofday:America/Anchorage:day7-19:night1-5,,1425.9,1376.1,0.931,5.48
AM_romig_traffic_2026-09-12__603,AM_romig_traffic_2026-09-12,20260914_130342,603,AM,R1796,EHZ,2026-09-12T21:17:59.996000Z,2026-09-12 13:17 Sat,1,Traffic,time of day,timeofday:America/Anchorage:day7-19:night1-5,,895.0,707.8,0.626,1.18
AM_romig_traffic_2026-09-12__653,AM_romig_traffic_2026-09-12,20260914_130342,653,AM,R1796,EHZ,2026-09-12T22:07:59.996000Z,2026-09-12 14:07 Sat,1,Traffic,time of day,timeofday:America/Anchorage:day7-19:night1-5,,960.4,919.5,0.917,3.97
AM_romig_traffic_2026-09-12__694,AM_romig_traffic_2026-09-12,20260914_130342,694,AM,R1796,EHZ,2026-09-12T22:48:59.996000Z,2026-09-12 14:48 Sat,1,Traffic,time of day,timeofday:America/Anchorage:day7-19:night1-5,,590.3,528.8,0.802,1.65
AM_romig_traffic_2026-09-12__715,AM_romig_traffic_2026-09-12,20260914_130342,715,AM,R1796,EHZ,2026-09-12T23:09:59.996000Z,2026-09-12 15:09 Sat,1,Traffic,time of day,timeofday:America/Anchorage:day7-19:night1-5,,725.3,661.9,0.833,0.8
AM_romig_traffic_2026-09-12__743,AM_romig_traffic_2026-09-12,20260914_130342,743,AM,R1796,EHZ,2026-09-12T23:37:59.996000Z,2026-09-12 15:37 Sat,1,Traffic,time of day,timeofday:America/Anchorage:day7-19:night1-5,,649.4,587.9,0.819,6.34
AM_romig_traffic_2026-09-12__789,AM_romig_traffic_2026-09-12,20260914_130342,789,AM,R1796,EHZ,2026-09-13T00:23:59.996000Z,2026-09-12 16:23 Sat,1,Traffic,time of day,timeofday:America/Anchorage:day7-19:night1-5,,920.5,864.1,0.881,2.38
AM_romig_traffic_2026-09-12__848,AM_romig_traffic_2026-09-12,20260914_130342,848,AM,R1796,EHZ,2026-09-13T01:25:59.996000Z,2026-09-12 17:25 Sat,1,Traffic,time of day,timeofday:America/Anchorage:day7-19:night1-5,,850.2,781.6,0.845,4.78
AM_romig_traffic_2026-09-12__862,AM_romig_traffic_2026-09-12,20260914_130342,862,AM,R1796,EHZ,2026-09-13T01:39:59.996000Z,2026-09-12 17:39 Sat,1,Traffic,time of day,timeofday:America/Anchorage:day7-19:night1-5,,728.7,683.0,0.878,1.58
AM_romig_traffic_2026-09-12__907,AM_romig_traffic_2026-09-12,20260914_130342,907,AM,R1796,EHZ,2026-09-13T02:24:59.996000Z,2026-09-12 18:24 Sat,1,Traffic,time of day,timeofday:America/Anchorage:day7-19:night1-5,,939.0,899.0,0.917,1.59
AM_romig_traffic_2026-09-12__3,AM_romig_traffic_2026-09-12,20260914_130342,3,AM,R1796,EHZ,2026-09-12T09:03:59.996000Z,2026-09-12 01:03 Sat,1,Traffic,night burst,timeofday:America/Anchorage:day7-19:night1-5+burst>=20x,,807.8,781.6,0.936,17.25
AM_romig_traffic_2026-09-12__20,AM_romig_traffic_2026-09-12,20260914_130342,20,AM,R1796,EHZ,2026-09-12T09:20:59.996000Z,2026-09-12 01:20 Sat,1,Traffic,night burst,timeofday:America/Anchorage:day7-19:night1-5+burst>=20x,,1120.4,1107.0,0.976,29.24
AM_romig_traffic_2026-09-12__48,AM_romig_traffic_2026-09-12,20260914_130342,48,AM,R1796,EHZ,2026-09-12T09:48:59.996000Z,2026-09-12 01:48 Sat,1,Traffic,night burst,timeofday:America/Anchorage:day7-19:night1-5+burst>=20x,,878.3,860.5,0.96,22.92
AM_romig_traffic_2026-09-12__56,AM_romig_traffic_2026-09-12,20260914_130342,56,AM,R1796,EHZ,2026-09-12T09:56:59.996000Z,2026-09-12 01:56 Sat,1,Traffic,night burst,timeofday:America/Anchorage:day7-19:night1-5+burst>=20x,,1580.8,1404.2,0.789,3.12
AM_romig_traffic_2026-09-12__69,AM_romig_traffic_2026-09-12,20260914_130342,69,AM,R1796,EHZ,2026-09-12T10:09:59.996000Z,2026-09-12 02:09 Sat,1,Traffic,night burst,timeofday:America/Anchorage:day7-19:night1-5+burst>=20x,,1225.2,1211.0,0.977,42.65
AM_romig_traffic_2026-09-12__82,AM_romig_traffic_2026-09-12,20260914_130342,82,AM,R1796,EHZ,2026-09-12T10:22:59.996000Z,2026-09-12 02:22 Sat,1,Traffic,night burst,timeofday:America/Anchorage:day7-19:night1-5+burst>=20x,,792.9,770.9,0.945,17.56
AM_romig_traffic_2026-09-12__102,AM_romig_traffic_2026-09-12,20260914_130342,102,AM,R1796,EHZ,2026-09-12T10:42:59.996000Z,2026-09-12 02:42 Sat,1,Traffic,night burst,timeofday:America/Anchorage:day7-19:night1-5+burst>=20x,,432.1,415.9,0.927,58.29
AM_romig_traffic_2026-09-12__114,AM_romig_traffic_2026-09-12,20260914_130342,114,AM,R1796,EHZ,2026-09-12T10:54:59.996000Z,2026-09-12 02:54 Sat,1,Traffic,night burst,timeofday:America/Anchorage:day7-19:night1-5+burst>=20x,,690.5,672.0,0.947,12.78
AM_romig_traffic_2026-09-12__115,AM_romig_traffic_2026-09-12,20260914_130342,115,AM,R1796,EHZ,2026-09-12T10:55:59.996000Z,2026-09-12 02:55 Sat,1,Traffic,night burst,timeofday:America/Anchorage:day7-19:night1-5+burst>=20x,,725.6,698.6,0.927,27.39
AM_romig_traffic_2026-09-12__118,AM_romig_traffic_2026-09-12,20260914_130342,118,AM,R1796,EHZ,2026-09-12T10:58:59.996000Z,2026-09-12 02:58 Sat,1,Traffic,night burst,timeofday:America/Anchorage:day7-19:night1-5+burst>=20x,,804.1,789.4,0.964,39.95
AM_romig_traffic_2026-09-12__136,AM_romig_traffic_2026-09-12,20260914_130342,136,AM,R1796,EHZ,2026-09-12T11:16:59.996000Z,2026-09-12 03:16 Sat,1,Traffic,night burst,timeofday:America/Anchorage:day7-19:night1-5+burst>=20x,,613.3,595.2,0.942,25.28
AM_romig_traffic_2026-09-12__138,AM_romig_traffic_2026-09-12,20260914_130342,138,AM,R1796,EHZ,2026-09-12T11:18:59.996000Z,2026-09-12 03:18 Sat,1,Traffic,night burst,timeofday:America/Anchorage:day7-19:night1-5+burst>=20x,,493.9,475.3,0.926,38.35
AM_romig_traffic_2026-09-12__151,AM_romig_traffic_2026-09-12,20260914_130342,151,AM,R1796,EHZ,2026-09-12T11:31:59.996000Z,2026-09-12 03:31 Sat,1,Traffic,night burst,timeofday:America/Anchorage:day7-19:night1-5+burst>=20x,,754.8,729.7,0.935,34.81
AM_romig_traffic_2026-09-12__159,AM_romig_traffic_2026-09-12,20260914_130342,159,AM,R1796,EHZ,2026-09-12T11:42:59.996000Z,2026-09-12 03:42 Sat,1,Traffic,night burst,timeofday:America/Anchorage:day7-19:night1-5+burst>=20x,,516.9,499.4,0.934,62.55
AM_romig_traffic_2026-09-12__160,AM_romig_traffic_2026-09-12,20260914_130342,160,AM,R1796,EHZ,2026-09-12T11:43:59.996000Z,2026-09-12 03:43 Sat,1,Traffic,night burst,timeofday:America/Anchorage:day7-19:night1-5+burst>=20x,,656.3,640.2,0.952,57.24
AM_romig_traffic_2026-09-12__169,AM_romig_traffic_2026-09-12,20260914_130342,169,AM,R1796,EHZ,2026-09-12T11:52:59.996000Z,2026-09-12 03:52 Sat,1,Traffic,night burst,timeofday:America/Anchorage:day7-19:night1-5+burst>=20x,,449.9,423.3,0.885,33.68
AM_romig_traffic_2026-09-12__172,AM_romig_traffic_2026-09-12,20260914_130342,172,AM,R1796,EHZ,2026-09-12T11:55:59.996000Z,2026-09-12 03:55 Sat,1,Traffic,night burst,timeofday:America/Anchorage:day7-19:night1-5+burst>=20x,,1217.4,1197.6,0.968,79.26
AM_romig_traffic_2026-09-12__173,AM_romig_traffic_2026-09-12,20260914_130342,173,AM,R1796,EHZ,2026-09-12T11:56:59.996000Z,2026-09-12 03:56 Sat,1,Traffic,night burst,timeofday:America/Anchorage:day7-19:night1-5+burst>=20x,,633.7,609.6,0.925,75.64
AM_romig_traffic_2026-09-12__184,AM_romig_traffic_2026-09-12,20260914_130342,184,AM,R1796,EHZ,2026-09-12T12:07:59.996000Z,2026-09-12 04:07 Sat,1,Traffic,night burst,timeofday:America/Anchorage:day7-19:night1-5+burst>=20x,,563.5,521.4,0.856,46.74
AM_romig_traffic_2026-09-12__185,AM_romig_traffic_2026-09-12,20260914_130342,185,AM,R1796,EHZ,2026-09-12T12:08:59.996000Z,2026-09-12 04:08 Sat,1,Traffic,night burst,timeofday:America/Anchorage:day7-19:night1-5+burst>=20x,,624.5,554.0,0.787,19.23
AM_romig_traffic_2026-09-12__192,AM_romig_traffic_2026-09-12,20260914_130342,192,AM,R1796,EHZ,2026-09-12T12:15:59.996000Z,2026-09-12 04:15 Sat,1,Traffic,night burst,timeofday:America/Anchorage:day7-19:night1-5+burst>=20x,,599.2,580.9,0.94,18.36
AM_romig_traffic_2026-09-12__194,AM_romig_traffic_2026-09-12,20260914_130342,194,AM,R1796,EHZ,2026-09-12T12:17:59.996000Z,2026-09-12 04:17 Sat,1,Traffic,night burst,timeofday:America/Anchorage:day7-19:night1-5+burst>=20x,,1658.8,1630.0,0.966,25.09
AM_romig_traffic_2026-09-12__211,AM_romig_traffic_2026-09-12,20260914_130342,211,AM,R1796,EHZ,2026-09-12T12:34:59.996000Z,2026-09-12 04:34 Sat,1,Traffic,night burst,timeofday:America/Anchorage:day7-19:night1-5+burst>=20x,,1186.6,1164.1,0.962,65.71
AM_romig_traffic_2026-09-12__215,AM_romig_traffic_2026-09-12,20260914_130342,215,AM,R1796,EHZ,2026-09-12T12:38:59.996000Z,2026-09-12 04:38 Sat,1,Traffic,night burst,timeofday:America/Anchorage:day7-19:night1-5+burst>=20x,,1083.2,1002.9,0.857,24.23
AM_romig_traffic_2026-09-12__946,AM_romig_traffic_2026-09-12,20260914_130342,946,AM,R3130,EHZ,2026-09-12T09:03:59.995000Z,2026-09-12 01:03 Sat,0,Noise,time of day,timeofday:America/Anchorage:day7-19:night1-5,,569.0,544.9,0.917,2.46
AM_romig_traffic_2026-09-12__963,AM_romig_traffic_2026-09-12,20260914_130342,963,AM,R3130,EHZ,2026-09-12T09:20:59.995000Z,2026-09-12 01:20 Sat,0,Noise,time of day,timeofday:America/Anchorage:day7-19:night1-5,,585.2,562.3,0.923,4.94
AM_romig_traffic_2026-09-12__972,AM_romig_traffic_2026-09-12,20260914_130342,972,AM,R3130,EHZ,2026-09-12T09:29:59.995000Z,2026-09-12 01:29 Sat,0,Noise,time of day,timeofday:America/Anchorage:day7-19:night1-5,,215.7,186.2,0.745,0.15
AM_romig_traffic_2026-09-12__988,AM_romig_traffic_2026-09-12,20260914_130342,988,AM,R3130,EHZ,2026-09-12T09:45:59.995000Z,2026-09-12 01:45 Sat,0,Noise,time of day,timeofday:America/Anchorage:day7-19:night1-5,,221.2,192.3,0.755,1.58
AM_romig_traffic_2026-09-12__990,AM_romig_traffic_2026-09-12,20260914_130342,990,AM,R3130,EHZ,2026-09-12T09:47:59.995000Z,2026-09-12 01:47 Sat,0,Noise,time of day,timeofday:America/Anchorage:day7-19:night1-5,,282.3,257.9,0.835,6.14
AM_romig_traffic_2026-09-12__997,AM_romig_traffic_2026-09-12,20260914_130342,997,AM,R3130,EHZ,2026-09-12T09:54:59.995000Z,2026-09-12 01:54 Sat,0,Noise,time of day,timeofday:America/Anchorage:day7-19:night1-5,,207.3,181.1,0.763,0.22
AM_romig_traffic_2026-09-12__1036,AM_romig_traffic_2026-09-12,20260914_130342,1036,AM,R3130,EHZ,2026-09-12T10:33:59.995000Z,2026-09-12 02:33 Sat,0,Noise,time of day,timeofday:America/Anchorage:day7-19:night1-5,,214.2,187.7,0.768,0.57
AM_romig_traffic_2026-09-12__1053,AM_romig_traffic_2026-09-12,20260914_130342,1053,AM,R3130,EHZ,2026-09-12T10:50:59.995000Z,2026-09-12 02:50 Sat,0,Noise,time of day,timeofday:America/Anchorage:day7-19:night1-5,,203.9,177.7,0.76,0.08
AM_romig_traffic_2026-09-12__1062,AM_romig_traffic_2026-09-12,20260914_130342,1062,AM,R3130,EHZ,2026-09-12T10:59:59.995000Z,2026-09-12 02:59 Sat,0,Noise,time of day,timeofday:America/Anchorage:day7-19:night1-5,,240.4,219.7,0.835,2.87
AM_romig_traffic_2026-09-12__1083,AM_romig_traffic_2026-09-12,20260914_130342,1083,AM,R3130,EHZ,2026-09-12T11:20:59.995000Z,2026-09-12 03:20 Sat,0,Noise,time of day,timeofday:America/Anchorage:day7-19:night1-5,,225.2,201.0,0.797,0.46
AM_romig_traffic_2026-09-12__1085,AM_romig_traffic_2026-09-12,20260914_130342,1085,AM,R3130,EHZ,2026-09-12T11:22:59.995000Z,2026-09-12 03:22 Sat,0,Noise,time of day,timeofday:America/Anchorage:day7-19:night1-5,,317.4,285.0,0.806,14.03
AM_romig_traffic_2026-09-12__1112,AM_romig_traffic_2026-09-12,20260914_130342,1112,AM,R3130,EHZ,2026-09-12T11:52:59.995000Z,2026-09-12 03:52 Sat,0,Noise,time of day,timeofday:America/Anchorage:day7-19:night1-5,,297.0,262.9,0.784,1.48
AM_romig_traffic_2026-09-12__1125,AM_romig_traffic_2026-09-12,20260914_130342,1125,AM,R3130,EHZ,2026-09-12T12:05:59.995000Z,2026-09-12 04:05 Sat,0,Noise,time of day,timeofday:America/Anchorage:day7-19:night1-5,,231.8,192.8,0.692,0.22
AM_romig_traffic_2026-09-12__1129,AM_romig_traffic_2026-09-12,20260914_130342,1129,AM,R3130,EHZ,2026-09-12T12:09:59.995000Z,2026-09-12 04:09 Sat,0,Noise,time of day,timeofday:America/Anchorage:day7-19:night1-5,,237.1,205.1,0.748,0.38
AM_romig_traffic_2026-09-12__1131,AM_romig_traffic_2026-09-12,20260914_130342,1131,AM,R3130,EHZ,2026-09-12T12:11:59.995000Z,2026-09-12 04:11 Sat,0,Noise,time of day,timeofday:America/Anchorage:day7-19:night1-5,,309.8,290.3,0.878,3.81
AM_romig_traffic_2026-09-12__1139,AM_romig_traffic_2026-09-12,20260914_130342,1139,AM,R3130,EHZ,2026-09-12T12:19:59.995000Z,2026-09-12 04:19 Sat,0,Noise,time of day,timeofday:America/Anchorage:day7-19:night1-5,,276.2,243.0,0.774,1.27
AM_romig_traffic_2026-09-12__1160,AM_romig_traffic_2026-09-12,20260914_130342,1160,AM,R3130,EHZ,2026-09-12T12:40:59.995000Z,2026-09-12 04:40 Sat,0,Noise,time of day,timeofday:America/Anchorage:day7-19:night1-5,,234.0,210.5,0.809,2.38
AM_romig_traffic_2026-09-12__1162,AM_romig_traffic_2026-09-12,20260914_130342,1162,AM,R3130,EHZ,2026-09-12T12:42:59.995000Z,2026-09-12 04:42 Sat,0,Noise,time of day,timeofday:America/Anchorage:day7-19:night1-5,,276.2,247.4,0.802,0.41
AM_romig_traffic_2026-09-12__1171,AM_romig_traffic_2026-09-12,20260914_130342,1171,AM,R3130,EHZ,2026-09-12T12:51:59.995000Z,2026-09-12 04:51 Sat,0,Noise,time of day,timeofday:America/Anchorage:day7-19:night1-5,,227.8,203.6,0.799,1.12
AM_romig_traffic_2026-09-12__1177,AM_romig_traffic_2026-09-12,20260914_130342,1177,AM,R3130,EHZ,2026-09-12T12:57:59.995000Z,2026-09-12 04:57 Sat,0,Noise,time of day,timeofday:America/Anchorage:day7-19:night1-5,,222.6,181.5,0.665,0.08
AM_romig_traffic_2026-09-12__1247,AM_romig_traffic_2026-09-12,20260914_130342,1247,AM,R3130,EHZ,2026-09-12T16:10:59.995000Z,2026-09-12 08:10 Sat,1,Traffic,time of day,timeofday:America/Anchorage:day7-19:night1-5,,565.7,533.5,0.889,29.21
AM_romig_traffic_2026-09-12__1287,AM_romig_traffic_2026-09-12,20260914_130342,1287,AM,R3130,EHZ,2026-09-12T16:50:59.995000Z,2026-09-12 08:50 Sat,1,Traffic,time of day,timeofday:America/Anchorage:day7-19:night1-5,,522.7,473.4,0.82,3.6
AM_romig_traffic_2026-09-12__1440,AM_romig_traffic_2026-09-12,20260914_130342,1440,AM,R3130,EHZ,2026-09-12T19:29:59.995000Z,2026-09-12 11:29 Sat,1,Traffic,time of day,timeofday:America/Anchorage:day7-19:night1-5,,526.8,454.2,0.743,1.32
AM_romig_traffic_2026-09-12__1466,AM_romig_traffic_2026-09-12,20260914_130342,1466,AM,R3130,EHZ,2026-09-12T19:55:59.995000Z,2026-09-12 11:55 Sat,1,Traffic,time of day,timeofday:America/Anchorage:day7-19:night1-5,,614.0,569.7,0.861,2.54
AM_romig_traffic_2026-09-12__1475,AM_romig_traffic_2026-09-12,20260914_130342,1475,AM,R3130,EHZ,2026-09-12T20:13:00.005000Z,2026-09-12 12:13 Sat,1,Traffic,time of day,timeofday:America/Anchorage:day7-19:night1-5,,658.6,623.4,0.896,5.95
AM_romig_traffic_2026-09-12__1531,AM_romig_traffic_2026-09-12,20260914_130342,1531,AM,R3130,EHZ,2026-09-12T21:09:00.005000Z,2026-09-12 13:09 Sat,1,Traffic,time of day,timeofday:America/Anchorage:day7-19:night1-5,,570.3,518.2,0.825,1.91
AM_romig_traffic_2026-09-12__1536,AM_romig_traffic_2026-09-12,20260914_130342,1536,AM,R3130,EHZ,2026-09-12T21:14:00.005000Z,2026-09-12 13:14 Sat,1,Traffic,time of day,timeofday:America/Anchorage:day7-19:night1-5,,588.1,545.0,0.859,4.44
AM_romig_traffic_2026-09-12__1577,AM_romig_traffic_2026-09-12,20260914_130342,1577,AM,R3130,EHZ,2026-09-12T21:55:00.005000Z,2026-09-12 13:55 Sat,1,Traffic,time of day,timeofday:America/Anchorage:day7-19:night1-5,,596.8,547.1,0.84,1.12
AM_romig_traffic_2026-09-12__1580,AM_romig_traffic_2026-09-12,20260914_130342,1580,AM,R3130,EHZ,2026-09-12T21:58:00.005000Z,2026-09-12 13:58 Sat,1,Traffic,time of day,timeofday:America/Anchorage:day7-19:night1-5,,555.1,505.9,0.831,3.77
AM_romig_traffic_2026-09-12__1677,AM_romig_traffic_2026-09-12,20260914_130342,1677,AM,R3130,EHZ,2026-09-12T23:35:00.005000Z,2026-09-12 15:35 Sat,1,Traffic,time of day,timeofday:America/Anchorage:day7-19:night1-5,,753.9,687.5,0.832,14.27
AM_romig_traffic_2026-09-12__1691,AM_romig_traffic_2026-09-12,20260914_130342,1691,AM,R3130,EHZ,2026-09-12T23:49:00.005000Z,2026-09-12 15:49 Sat,1,Traffic,time of day,timeofday:America/Anchorage:day7-19:night1-5,,660.8,623.1,0.889,8.24
AM_romig_traffic_2026-09-12__1707,AM_romig_traffic_2026-09-12,20260914_130342,1707,AM,R3130,EHZ,2026-09-13T00:05:00.005000Z,2026-09-12 16:05 Sat,1,Traffic,time of day,timeofday:America/Anchorage:day7-19:night1-5,,700.3,649.0,0.859,3.23
AM_romig_traffic_2026-09-12__1754,AM_romig_traffic_2026-09-12,20260914_130342,1754,AM,R3130,EHZ,2026-09-13T00:52:00.005000Z,2026-09-12 16:52 Sat,1,Traffic,time of day,timeofday:America/Anchorage:day7-19:night1-5,,686.8,563.5,0.673,1.71
AM_romig_traffic_2026-09-12__1789,AM_romig_traffic_2026-09-12,20260914_130342,1789,AM,R3130,EHZ,2026-09-13T01:30:00.005000Z,2026-09-12 17:30 Sat,1,Traffic,time of day,timeofday:America/Anchorage:day7-19:night1-5,,586.8,545.0,0.863,13.95
AM_romig_traffic_2026-09-12__1795,AM_romig_traffic_2026-09-12,20260914_130342,1795,AM,R3130,EHZ,2026-09-13T01:36:00.005000Z,2026-09-12 17:36 Sat,1,Traffic,time of day,timeofday:America/Anchorage:day7-19:night1-5,,672.1,595.5,0.785,1.36
AM_romig_traffic_2026-09-12__1824,AM_romig_traffic_2026-09-12,20260914_130342,1824,AM,R3130,EHZ,2026-09-13T02:05:00.005000Z,2026-09-12 18:05 Sat,1,Traffic,time of day,timeofday:America/Anchorage:day7-19:night1-5,,624.8,582.1,0.868,6.48
AM_romig_traffic_2026-09-12__1829,AM_romig_traffic_2026-09-12,20260914_130342,1829,AM,R3130,EHZ,2026-09-13T02:10:00.005000Z,2026-09-12 18:10 Sat,1,Traffic,time of day,timeofday:America/Anchorage:day7-19:night1-5,,1298.4,1278.8,0.97,24.93
AM_romig_traffic_2026-09-12__1835,AM_romig_traffic_2026-09-12,20260914_130342,1835,AM,R3130,EHZ,2026-09-13T02:16:00.005000Z,2026-09-12 18:16 Sat,1,Traffic,time of day,timeofday:America/Anchorage:day7-19:night1-5,,757.8,719.1,0.901,9.05
AM_romig_traffic_2026-09-12__1846,AM_romig_traffic_2026-09-12,20260914_130342,1846,AM,R3130,EHZ,2026-09-13T02:27:00.005000Z,2026-09-12 18:27 Sat,1,Traffic,time of day,timeofday:America/Anchorage:day7-19:night1-5,,758.2,715.9,0.892,9.3
AM_romig_traffic_2026-09-12__1865,AM_romig_traffic_2026-09-12,20260914_130342,1865,AM,R3130,EHZ,2026-09-13T02:46:00.005000Z,2026-09-12 18:46 Sat,1,Traffic,time of day,timeofday:America/Anchorage:day7-19:night1-5,,744.5,717.7,0.929,14.99
AM_romig_traffic_2026-09-12__957,AM_romig_traffic_2026-09-12,20260914_130342,957,AM,R3130,EHZ,2026-09-12T09:14:59.995000Z,2026-09-12 01:14 Sat,1,Traffic,night burst,timeofday:America/Anchorage:day7-19:night1-5+burst>=20x,,460.5,430.1,0.872,72.03
AM_romig_traffic_2026-09-12__979,AM_romig_traffic_2026-09-12,20260914_130342,979,AM,R3130,EHZ,2026-09-12T09:36:59.995000Z,2026-09-12 01:36 Sat,1,Traffic,night burst,timeofday:America/Anchorage:day7-19:night1-5+burst>=20x,,408.9,388.5,0.903,62.92
AM_romig_traffic_2026-09-12__980,AM_romig_traffic_2026-09-12,20260914_130342,980,AM,R3130,EHZ,2026-09-12T09:37:59.995000Z,2026-09-12 01:37 Sat,1,Traffic,night burst,timeofday:America/Anchorage:day7-19:night1-5+burst>=20x,,371.1,345.1,0.865,81.23
AM_romig_traffic_2026-09-12__993,AM_romig_traffic_2026-09-12,20260914_130342,993,AM,R3130,EHZ,2026-09-12T09:50:59.995000Z,2026-09-12 01:50 Sat,1,Traffic,night burst,timeofday:America/Anchorage:day7-19:night1-5+burst>=20x,,439.5,413.6,0.886,53.29
AM_romig_traffic_2026-09-12__999,AM_romig_traffic_2026-09-12,20260914_130342,999,AM,R3130,EHZ,2026-09-12T09:56:59.995000Z,2026-09-12 01:56 Sat,1,Traffic,night burst,timeofday:America/Anchorage:day7-19:night1-5+burst>=20x,,959.4,853.3,0.791,3.97
AM_romig_traffic_2026-09-12__1000,AM_romig_traffic_2026-09-12,20260914_130342,1000,AM,R3130,EHZ,2026-09-12T09:57:59.995000Z,2026-09-12 01:57 Sat,1,Traffic,night burst,timeofday:America/Anchorage:day7-19:night1-5+burst>=20x,,563.8,474.7,0.709,16.28
AM_romig_traffic_2026-09-12__1002,AM_romig_traffic_2026-09-12,20260914_130342,1002,AM,R3130,EHZ,2026-09-12T09:59:59.995000Z,2026-09-12 01:59 Sat,1,Traffic,night burst,timeofday:America/Anchorage:day7-19:night1-5+burst>=20x,,513.9,495.5,0.93,30.12
AM_romig_traffic_2026-09-12__1057,AM_romig_traffic_2026-09-12,20260914_130342,1057,AM,R3130,EHZ,2026-09-12T10:54:59.995000Z,2026-09-12 02:54 Sat,1,Traffic,night burst,timeofday:America/Anchorage:day7-19:night1-5+burst>=20x,,599.1,578.9,0.934,9.77
AM_romig_traffic_2026-09-12__1074,AM_romig_traffic_2026-09-12,20260914_130342,1074,AM,R3130,EHZ,2026-09-12T11:11:59.995000Z,2026-09-12 03:11 Sat,1,Traffic,night burst,timeofday:America/Anchorage:day7-19:night1-5+burst>=20x,,426.3,363.9,0.729,32.81
AM_romig_traffic_2026-09-12__1090,AM_romig_traffic_2026-09-12,20260914_130342,1090,AM,R3130,EHZ,2026-09-12T11:27:59.995000Z,2026-09-12 03:27 Sat,1,Traffic,night burst,timeofday:America/Anchorage:day7-19:night1-5+burst>=20x,,499.2,481.2,0.929,18.37
AM_romig_traffic_2026-09-12__1097,AM_romig_traffic_2026-09-12,20260914_130342,1097,AM,R3130,EHZ,2026-09-12T11:34:59.995000Z,2026-09-12 03:34 Sat,1,Traffic,night burst,timeofday:America/Anchorage:day7-19:night1-5+burst>=20x,,327.5,302.9,0.855,54.5
AM_romig_traffic_2026-09-12__1116,AM_romig_traffic_2026-09-12,20260914_130342,1116,AM,R3130,EHZ,2026-09-12T11:56:59.995000Z,2026-09-12 03:56 Sat,1,Traffic,night burst,timeofday:America/Anchorage:day7-19:night1-5+burst>=20x,,557.7,534.1,0.917,10.92
AM_romig_traffic_2026-09-12__1137,AM_romig_traffic_2026-09-12,20260914_130342,1137,AM,R3130,EHZ,2026-09-12T12:17:59.995000Z,2026-09-12 04:17 Sat,1,Traffic,night burst,timeofday:America/Anchorage:day7-19:night1-5+burst>=20x,,907.7,883.7,0.948,5.93
AM_romig_traffic_2026-09-12__1158,AM_romig_traffic_2026-09-12,20260914_130342,1158,AM,R3130,EHZ,2026-09-12T12:38:59.995000Z,2026-09-12 04:38 Sat,1,Traffic,night burst,timeofday:America/Anchorage:day7-19:night1-5+burst>=20x,,594.5,525.2,0.781,13.75
AK_train_full_2026-09-09__397,AK_train_full_2026-09-09,20260914_130547,397,AK,K222,HNZ,2026-09-09T15:13:00.000000Z,2026-09-09 07:13 Wed,4,Train,timetable search,"events:search900s,rms>=3x",coastal_classic_out_2026-09-09,299.3,273.4,0.835,7.59
AK_train_full_2026-09-09__540,AK_train_full_2026-09-09,20260914_130547,540,AK,K222,HNZ,2026-09-09T18:07:00.000000Z,2026-09-09 10:07 Wed,4,Train,timetable search,"events:search900s,rms>=3x",glacier_discovery_out_2026-09-09,216.9,193.9,0.799,7.79
AK_train_full_2026-09-09__541,AK_train_full_2026-09-09,20260914_130547,541,AK,K222,HNZ,2026-09-09T18:08:00.000000Z,2026-09-09 10:08 Wed,4,Train,timetable search,"events:search900s,rms>=3x",glacier_discovery_out_2026-09-09,90.4,82.6,0.836,10.69
AK_train_full_2026-09-09__542,AK_train_full_2026-09-09,20260914_130547,542,AK,K222,HNZ,2026-09-09T18:18:00.000000Z,2026-09-09 10:18 Wed,4,Train,timetable search,"events:search900s,rms>=3x",glacier_discovery_out_2026-09-09,228.7,210.0,0.843,7.84
AK_train_full_2026-09-09__543,AK_train_full_2026-09-09,20260914_130547,543,AK,K222,HNZ,2026-09-09T18:19:00.000000Z,2026-09-09 10:19 Wed,4,Train,timetable search,"events:search900s,rms>=3x",glacier_discovery_out_2026-09-09,91.4,79.4,0.755,35.49
AK_train_full_2026-09-09__1099,AK_train_full_2026-09-09,20260914_130547,1099,AK,K222,HNZ,2026-09-10T04:39:00.000000Z,2026-09-09 20:39 Wed,4,Train,timetable search,"events:search900s,rms>=3x",glacier_discovery_back_2026-09-09,243.7,226.5,0.864,8.92
AK_train_full_2026-09-09__1123,AK_train_full_2026-09-09,20260914_130547,1123,AK,K222,HNZ,2026-09-10T05:48:00.000000Z,2026-09-09 21:48 Wed,4,Train,timetable search,"events:search900s,rms>=3x",coastal_classic_back_2026-09-09,315.4,290.2,0.847,6.92
AK_train_full_2026-09-09__61,AK_train_full_2026-09-09,20260914_130547,61,AK,K222,HNZ,2026-09-09T09:04:00.000000Z,2026-09-09 01:04 Wed,0,Noise,timetable search,events:arr_summer_2026.csv,,4.6,4.2,0.828,6.62
AK_train_full_2026-09-09__137,AK_train_full_2026-09-09,20260914_130547,137,AK,K222,HNZ,2026-09-09T10:23:00.000000Z,2026-09-09 02:23 Wed,0,Noise,timetable search,events:arr_summer_2026.csv,,7.0,6.4,0.84,7.36
AK_train_full_2026-09-09__205,AK_train_full_2026-09-09,20260914_130547,205,AK,K222,HNZ,2026-09-09T11:39:00.000000Z,2026-09-09 03:39 Wed,0,Noise,timetable search,events:arr_summer_2026.csv,,11.2,10.5,0.887,3.48
AK_train_full_2026-09-09__246,AK_train_full_2026-09-09,20260914_130547,246,AK,K222,HNZ,2026-09-09T12:20:00.000000Z,2026-09-09 04:20 Wed,0,Noise,timetable search,events:arr_summer_2026.csv,,3.2,2.6,0.664,-0.23
AK_train_full_2026-09-09__259,AK_train_full_2026-09-09,20260914_130547,259,AK,K222,HNZ,2026-09-09T12:36:00.000000Z,2026-09-09 04:36 Wed,0,Noise,timetable search,events:arr_summer_2026.csv,,3.4,2.4,0.512,-0.5
AK_train_full_2026-09-09__360,AK_train_full_2026-09-09,20260914_130547,360,AK,K222,HNZ,2026-09-09T14:20:00.000000Z,2026-09-09 06:20 Wed,0,Noise,timetable search,events:arr_summer_2026.csv,,10.6,10.1,0.896,70.96
AK_train_full_2026-09-09__365,AK_train_full_2026-09-09,20260914_130547,365,AK,K222,HNZ,2026-09-09T14:28:00.000000Z,2026-09-09 06:28 Wed,0,Noise,timetable search,events:arr_summer_2026.csv,,18.8,17.9,0.913,11.14
AK_train_full_2026-09-09__403,AK_train_full_2026-09-09,20260914_130547,403,AK,K222,HNZ,2026-09-09T15:36:00.000000Z,2026-09-09 07:36 Wed,0,Noise,timetable search,events:arr_summer_2026.csv,,14.3,13.7,0.921,8.2
AK_train_full_2026-09-09__483,AK_train_full_2026-09-09,20260914_130547,483,AK,K222,HNZ,2026-09-09T17:00:00.000000Z,2026-09-09 09:00 Wed,0,Noise,timetable search,events:arr_summer_2026.csv,,16.9,16.6,0.967,3.49
AK_train_full_2026-09-09__576,AK_train_full_2026-09-09,20260914_130547,576,AK,K222,HNZ,2026-09-09T19:06:00.000000Z,2026-09-09 11:06 Wed,0,Noise,timetable search,events:arr_summer_2026.csv,,8.8,8.3,0.893,6.66
AK_train_full_2026-09-09__593,AK_train_full_2026-09-09,20260914_130547,593,AK,K222,HNZ,2026-09-09T19:23:00.000000Z,2026-09-09 11:23 Wed,0,Noise,timetable search,events:arr_summer_2026.csv,,19.9,18.7,0.885,7.67
AK_train_full_2026-09-09__730,AK_train_full_2026-09-09,20260914_130547,730,AK,K222,HNZ,2026-09-09T21:56:00.000000Z,2026-09-09 13:56 Wed,0,Noise,timetable search,events:arr_summer_2026.csv,,24.1,23.9,0.983,16.57
AK_train_full_2026-09-09__745,AK_train_full_2026-09-09,20260914_130547,745,AK,K222,HNZ,2026-09-09T22:14:00.000000Z,2026-09-09 14:14 Wed,0,Noise,timetable search,events:arr_summer_2026.csv,,17.4,16.7,0.925,2.19
AK_train_full_2026-09-09__754,AK_train_full_2026-09-09,20260914_130547,754,AK,K222,HNZ,2026-09-09T22:23:00.000000Z,2026-09-09 14:23 Wed,0,Noise,timetable search,events:arr_summer_2026.csv,,15.7,15.1,0.928,3.39
AK_train_full_2026-09-09__891,AK_train_full_2026-09-09,20260914_130547,891,AK,K222,HNZ,2026-09-10T00:50:00.000000Z,2026-09-09 16:50 Wed,0,Noise,timetable search,events:arr_summer_2026.csv,,19.3,18.8,0.957,3.35
AK_train_full_2026-09-09__919,AK_train_full_2026-09-09,20260914_130547,919,AK,K222,HNZ,2026-09-10T01:18:00.000000Z,2026-09-09 17:18 Wed,0,Noise,timetable search,events:arr_summer_2026.csv,,28.2,27.6,0.959,3.09
AK_train_full_2026-09-09__999,AK_train_full_2026-09-09,20260914_130547,999,AK,K222,HNZ,2026-09-10T02:44:00.000000Z,2026-09-09 18:44 Wed,0,Noise,timetable search,events:arr_summer_2026.csv,,15.2,14.7,0.933,3.48
AK_train_full_2026-09-09__1031,AK_train_full_2026-09-09,20260914_130547,1031,AK,K222,HNZ,2026-09-10T03:16:00.000000Z,2026-09-09 19:16 Wed,0,Noise,timetable search,events:arr_summer_2026.csv,,18.3,17.9,0.955,2.34
AK_train_full_2026-09-09__1121,AK_train_full_2026-09-09,20260914_130547,1121,AK,K222,HNZ,2026-09-10T05:28:00.000000Z,2026-09-09 21:28 Wed,0,Noise,timetable search,events:arr_summer_2026.csv,,15.5,15.1,0.945,5.3
AK_train_full_2026-09-09__1122,AK_train_full_2026-09-09,20260914_130547,1122,AK,K222,HNZ,2026-09-10T05:29:00.000000Z,2026-09-09 21:29 Wed,0,Noise,timetable search,events:arr_summer_2026.csv,,13.0,12.5,0.932,4.23
AK_train_full_2026-09-12__394,AK_train_full_2026-09-12,20260914_130559,394,AK,K222,HNZ,2026-09-12T15:06:00.000000Z,2026-09-12 07:06 Sat,4,Train,timetable search,"events:search900s,rms>=3x",coastal_classic_out_2026-09-12,72.6,64.4,0.788,27.26
AK_train_full_2026-09-12__395,AK_train_full_2026-09-12,20260914_130559,395,AK,K222,HNZ,2026-09-12T15:07:00.000000Z,2026-09-12 07:07 Sat,4,Train,timetable search,"events:search900s,rms>=3x",coastal_classic_out_2026-09-12,269.0,248.4,0.853,12.04
AK_train_full_2026-09-12__532,AK_train_full_2026-09-12,20260914_130559,532,AK,K222,HNZ,2026-09-12T18:03:00.000000Z,2026-09-12 10:03 Sat,4,Train,timetable search,"events:search900s,rms>=3x",glacier_discovery_out_2026-09-12,226.7,205.7,0.824,11.31
AK_train_full_2026-09-12__533,AK_train_full_2026-09-12,20260914_130559,533,AK,K222,HNZ,2026-09-12T18:04:00.000000Z,2026-09-12 10:04 Sat,4,Train,timetable search,"events:search900s,rms>=3x",glacier_discovery_out_2026-09-12,89.5,82.0,0.84,11.87
AK_train_full_2026-09-12__1098,AK_train_full_2026-09-12,20260914_130559,1098,AK,K222,HNZ,2026-09-13T04:40:00.000000Z,2026-09-12 20:40 Sat,4,Train,timetable search,"events:search900s,rms>=3x",glacier_discovery_back_2026-09-12,234.3,217.9,0.865,7.85
AK_train_full_2026-09-12__1125,AK_train_full_2026-09-12,20260914_130559,1125,AK,K222,HNZ,2026-09-13T05:46:00.000000Z,2026-09-12 21:46 Sat,4,Train,timetable search,"events:search900s,rms>=3x",coastal_classic_back_2026-09-12,299.5,280.7,0.879,5.69
AK_train_full_2026-09-12__3,AK_train_full_2026-09-12,20260914_130559,3,AK,K222,HNZ,2026-09-12T08:03:00.000000Z,2026-09-12 00:03 Sat,0,Noise,timetable search,events:arr_summer_2026.csv,,7.1,6.8,0.923,10.37
AK_train_full_2026-09-12__138,AK_train_full_2026-09-12,20260914_130559,138,AK,K222,HNZ,2026-09-12T10:27:00.000000Z,2026-09-12 02:27 Sat,0,Noise,timetable search,events:arr_summer_2026.csv,,3.4,2.9,0.727,4.22
AK_train_full_2026-09-12__366,AK_train_full_2026-09-12,20260914_130559,366,AK,K222,HNZ,2026-09-12T14:32:00.000000Z,2026-09-12 06:32 Sat,0,Noise,timetable search,events:arr_summer_2026.csv,,9.3,8.8,0.899,30.47
AK_train_full_2026-09-12__501,AK_train_full_2026-09-12,20260914_130559,501,AK,K222,HNZ,2026-09-12T17:22:00.000000Z,2026-09-12 09:22 Sat,0,Noise,timetable search,events:arr_summer_2026.csv,,9.9,9.5,0.921,4.63
AK_train_full_2026-09-12__647,AK_train_full_2026-09-12,20260914_130559,647,AK,K222,HNZ,2026-09-12T20:33:00.000000Z,2026-09-12 12:33 Sat,0,Noise,timetable search,events:arr_summer_2026.csv,,29.1,28.9,0.984,6.47
AK_train_full_2026-09-12__854,AK_train_full_2026-09-12,20260914_130559,854,AK,K222,HNZ,2026-09-13T00:09:00.000000Z,2026-09-12 16:09 Sat,0,Noise,timetable search,events:arr_summer_2026.csv,,10.3,10.1,0.949,4.17
AK_train_full_2026-09-12__855,AK_train_full_2026-09-12,20260914_130559,855,AK,K222,HNZ,2026-09-13T00:10:00.000000Z,2026-09-12 16:10 Sat,0,Noise,timetable search,events:arr_summer_2026.csv,,14.6,14.3,0.962,5.92
AK_train_full_2026-09-12__894,AK_train_full_2026-09-12,20260914_130559,894,AK,K222,HNZ,2026-09-13T00:53:00.000000Z,2026-09-12 16:53 Sat,0,Noise,timetable search,events:arr_summer_2026.csv,,18.4,18.1,0.966,14.86
AK_train_full_2026-09-12__913,AK_train_full_2026-09-12,20260914_130559,913,AK,K222,HNZ,2026-09-13T01:15:00.000000Z,2026-09-12 17:15 Sat,0,Noise,timetable search,events:arr_summer_2026.csv,,12.8,12.3,0.919,3.56
AK_train_full_2026-09-12__933,AK_train_full_2026-09-12,20260914_130559,933,AK,K222,HNZ,2026-09-13T01:37:00.000000Z,2026-09-12 17:37 Sat,0,Noise,timetable search,events:arr_summer_2026.csv,,12.1,11.8,0.945,2.64
AK_train_full_2026-09-12__987,AK_train_full_2026-09-12,20260914_130559,987,AK,K222,HNZ,2026-09-13T02:34:00.000000Z,2026-09-12 18:34 Sat,0,Noise,timetable search,events:arr_summer_2026.csv,,12.8,12.4,0.944,6.39
AK_train_full_2026-09-12__996,AK_train_full_2026-09-12,20260914_130559,996,AK,K222,HNZ,2026-09-13T02:43:00.000000Z,2026-09-12 18:43 Sat,0,Noise,timetable search,events:arr_summer_2026.csv,,11.9,11.6,0.954,7.32
AK_train_full_2026-09-12__1008,AK_train_full_2026-09-12,20260914_130559,1008,AK,K222,HNZ,2026-09-13T02:55:00.000000Z,2026-09-12 18:55 Sat,0,Noise,timetable search,events:arr_summer_2026.csv,,11.1,10.9,0.96,2.48
AK_train_full_2026-09-12__1030,AK_train_full_2026-09-12,20260914_130559,1030,AK,K222,HNZ,2026-09-13T03:17:00.000000Z,2026-09-12 19:17 Sat,0,Noise,timetable search,events:arr_summer_2026.csv,,17.0,16.7,0.967,19.98
AK_train_full_2026-09-12__1081,AK_train_full_2026-09-12,20260914_130559,1081,AK,K222,HNZ,2026-09-13T04:11:00.000000Z,2026-09-12 20:11 Sat,0,Noise,timetable search,events:arr_summer_2026.csv,,10.3,10.1,0.949,4.41
AK_train_full_2026-09-12__1095,AK_train_full_2026-09-12,20260914_130559,1095,AK,K222,HNZ,2026-09-13T04:27:00.000000Z,2026-09-12 20:27 Sat,0,Noise,timetable search,events:arr_summer_2026.csv,,17.8,16.7,0.883,5.22
AK_train_full_2026-09-12__1097,AK_train_full_2026-09-12,20260914_130559,1097,AK,K222,HNZ,2026-09-13T04:29:00.000000Z,2026-09-12 20:29 Sat,0,Noise,timetable search,events:arr_summer_2026.csv,,12.9,12.4,0.929,2.93
AK_train_full_2026-09-12__1122,AK_train_full_2026-09-12,20260914_130559,1122,AK,K222,HNZ,2026-09-13T05:27:00.000000Z,2026-09-12 21:27 Sat,0,Noise,timetable search,events:arr_summer_2026.csv,,12.4,12.0,0.946,7.31
AK_train_full_2026-09-12__1129,AK_train_full_2026-09-12,20260914_130559,1129,AK,K222,HNZ,2026-09-13T06:05:00.000000Z,2026-09-12 22:05 Sat,0,Noise,timetable search,events:arr_summer_2026.csv,,10.5,10.1,0.933,4.28
AK_train_full_2026-09-12__1134,AK_train_full_2026-09-12,20260914_130559,1134,AK,K222,HNZ,2026-09-13T06:10:00.000000Z,2026-09-12 22:10 Sat,0,Noise,timetable search,events:arr_summer_2026.csv,,14.0,13.8,0.962,3.76
AM_aircraft_2026-09-09__1410,AM_aircraft_2026-09-09,20260914_163935,1410,AM,R9286,EHZ,2026-09-09T08:21:00.002000Z,2026-09-09 00:21 Wed,5,Aircraft,band rule,"rule:rms20-45Hz>=2.5xlocal15min,active>=15s,coincident>=2",,383.2,156.3,0.166,0.34
AM_aircraft_2026-09-09__1419,AM_aircraft_2026-09-09,20260914_163935,1419,AM,R9286,EHZ,2026-09-09T08:30:00.002000Z,2026-09-09 00:30 Wed,5,Aircraft,band rule,"rule:rms20-45Hz>=2.5xlocal15min,active>=15s,coincident>=2",,444.1,254.9,0.329,0.94
AM_aircraft_2026-09-09__1420,AM_aircraft_2026-09-09,20260914_163935,1420,AM,R9286,EHZ,2026-09-09T08:31:00.002000Z,2026-09-09 00:31 Wed,5,Aircraft,band rule,"rule:rms20-45Hz>=2.5xlocal15min,active>=15s,coincident>=2",,284.8,193.5,0.462,1.43
AM_aircraft_2026-09-09__1443,AM_aircraft_2026-09-09,20260914_163935,1443,AM,R9286,EHZ,2026-09-09T08:55:00.002000Z,2026-09-09 00:55 Wed,5,Aircraft,band rule,"rule:rms20-45Hz>=2.5xlocal15min,active>=15s,coincident>=2",,311.1,190.9,0.376,1.51
AM_aircraft_2026-09-09__1444,AM_aircraft_2026-09-09,20260914_163935,1444,AM,R9286,EHZ,2026-09-09T08:56:00.002000Z,2026-09-09 00:56 Wed,5,Aircraft,band rule,"rule:rms20-45Hz>=2.5xlocal15min,active>=15s,coincident>=2",,342.7,210.6,0.378,3.54
AM_aircraft_2026-09-09__1456,AM_aircraft_2026-09-09,20260914_163935,1456,AM,R9286,EHZ,2026-09-09T09:10:00.002000Z,2026-09-09 01:10 Wed,5,Aircraft,band rule,"rule:rms20-45Hz>=2.5xlocal15min,active>=15s,coincident>=2",,617.7,409.7,0.44,2.98
AM_aircraft_2026-09-09__1457,AM_aircraft_2026-09-09,20260914_163935,1457,AM,R9286,EHZ,2026-09-09T09:11:00.002000Z,2026-09-09 01:11 Wed,5,Aircraft,band rule,"rule:rms20-45Hz>=2.5xlocal15min,active>=15s,coincident>=2",,365.2,153.1,0.176,2.55
AM_aircraft_2026-09-09__1482,AM_aircraft_2026-09-09,20260914_163935,1482,AM,R9286,EHZ,2026-09-09T09:40:00.002000Z,2026-09-09 01:40 Wed,5,Aircraft,band rule,"rule:rms20-45Hz>=2.5xlocal15min,active>=15s,coincident>=2",,612.4,470.1,0.589,1.78
AM_aircraft_2026-09-09__1483,AM_aircraft_2026-09-09,20260914_163935,1483,AM,R9286,EHZ,2026-09-09T09:41:00.002000Z,2026-09-09 01:41 Wed,5,Aircraft,band rule,"rule:rms20-45Hz>=2.5xlocal15min,active>=15s,coincident>=2",,352.2,302.2,0.736,2.75
AM_aircraft_2026-09-09__1500,AM_aircraft_2026-09-09,20260914_163935,1500,AM,R9286,EHZ,2026-09-09T09:58:00.002000Z,2026-09-09 01:58 Wed,5,Aircraft,band rule,"rule:rms20-45Hz>=2.5xlocal15min,active>=15s,coincident>=2",,721.3,550.0,0.581,2.81
AM_aircraft_2026-09-09__1501,AM_aircraft_2026-09-09,20260914_163935,1501,AM,R9286,EHZ,2026-09-09T09:59:00.002000Z,2026-09-09 01:59 Wed,5,Aircraft,band rule,"rule:rms20-45Hz>=2.5xlocal15min,active>=15s,coincident>=2",,446.6,400.2,0.803,2.38
AM_aircraft_2026-09-09__1508,AM_aircraft_2026-09-09,20260914_163935,1508,AM,R9286,EHZ,2026-09-09T10:08:00.002000Z,2026-09-09 02:08 Wed,5,Aircraft,band rule,"rule:rms20-45Hz>=2.5xlocal15min,active>=15s,coincident>=2",,784.6,589.8,0.565,9.2
AM_aircraft_2026-09-09__1509,AM_aircraft_2026-09-09,20260914_163935,1509,AM,R9286,EHZ,2026-09-09T10:09:00.002000Z,2026-09-09 02:09 Wed,5,Aircraft,band rule,"rule:rms20-45Hz>=2.5xlocal15min,active>=15s,coincident>=2",,317.6,242.6,0.584,0.33
AM_aircraft_2026-09-09__1510,AM_aircraft_2026-09-09,20260914_163935,1510,AM,R9286,EHZ,2026-09-09T10:10:00.002000Z,2026-09-09 02:10 Wed,5,Aircraft,band rule,"rule:rms20-45Hz>=2.5xlocal15min,active>=15s,coincident>=2",,411.0,352.4,0.735,6.27
AM_aircraft_2026-09-09__1536,AM_aircraft_2026-09-09,20260914_163935,1536,AM,R9286,EHZ,2026-09-09T10:38:00.002000Z,2026-09-09 02:38 Wed,5,Aircraft,band rule,"rule:rms20-45Hz>=2.5xlocal15min,active>=15s,coincident>=2",,393.5,250.2,0.404,6.07
AM_aircraft_2026-09-09__1537,AM_aircraft_2026-09-09,20260914_163935,1537,AM,R9286,EHZ,2026-09-09T10:39:00.002000Z,2026-09-09 02:39 Wed,5,Aircraft,band rule,"rule:rms20-45Hz>=2.5xlocal15min,active>=15s,coincident>=2",,286.3,196.9,0.473,3.5
AM_aircraft_2026-09-09__1552,AM_aircraft_2026-09-09,20260914_163935,1552,AM,R9286,EHZ,2026-09-09T10:58:00.002000Z,2026-09-09 02:58 Wed,5,Aircraft,band rule,"rule:rms20-45Hz>=2.5xlocal15min,active>=15s,coincident>=2",,382.9,243.3,0.404,1.22
AM_aircraft_2026-09-09__1553,AM_aircraft_2026-09-09,20260914_163935,1553,AM,R9286,EHZ,2026-09-09T10:59:00.002000Z,2026-09-09 02:59 Wed,5,Aircraft,band rule,"rule:rms20-45Hz>=2.5xlocal15min,active>=15s,coincident>=2",,664.3,495.0,0.555,3.1
AM_aircraft_2026-09-09__1554,AM_aircraft_2026-09-09,20260914_163935,1554,AM,R9286,EHZ,2026-09-09T11:00:00.002000Z,2026-09-09 03:00 Wed,5,Aircraft,band rule,"rule:rms20-45Hz>=2.5xlocal15min,active>=15s,coincident>=2",,348.6,298.5,0.733,3.25
AM_aircraft_2026-09-09__1569,AM_aircraft_2026-09-09,20260914_163935,1569,AM,R9286,EHZ,2026-09-09T11:15:00.002000Z,2026-09-09 03:15 Wed,5,Aircraft,band rule,"rule:rms20-45Hz>=2.5xlocal15min,active>=15s,coincident>=2",,785.9,604.5,0.592,9.95
AM_aircraft_2026-09-09__1570,AM_aircraft_2026-09-09,20260914_163935,1570,AM,R9286,EHZ,2026-09-09T11:16:00.002000Z,2026-09-09 03:16 Wed,5,Aircraft,band rule,"rule:rms20-45Hz>=2.5xlocal15min,active>=15s,coincident>=2",,425.0,364.4,0.735,2.11
AM_aircraft_2026-09-09__1575,AM_aircraft_2026-09-09,20260914_163935,1575,AM,R9286,EHZ,2026-09-09T11:24:00.002000Z,2026-09-09 03:24 Wed,5,Aircraft,band rule,"rule:rms20-45Hz>=2.5xlocal15min,active>=15s,coincident>=2",,602.4,496.1,0.678,2.17
AM_aircraft_2026-09-09__1576,AM_aircraft_2026-09-09,20260914_163935,1576,AM,R9286,EHZ,2026-09-09T11:25:00.002000Z,2026-09-09 03:25 Wed,5,Aircraft,band rule,"rule:rms20-45Hz>=2.5xlocal15min,active>=15s,coincident>=2",,287.3,237.6,0.684,5.93
AM_aircraft_2026-09-09__1610,AM_aircraft_2026-09-09,20260914_163935,1610,AM,R9286,EHZ,2026-09-09T12:02:00.002000Z,2026-09-09 04:02 Wed,5,Aircraft,band rule,"rule:rms20-45Hz>=2.5xlocal15min,active>=15s,coincident>=2",,608.4,489.9,0.648,4.63
AM_aircraft_2026-09-09__1611,AM_aircraft_2026-09-09,20260914_163935,1611,AM,R9286,EHZ,2026-09-09T12:03:00.002000Z,2026-09-09 04:03 Wed,5,Aircraft,band rule,"rule:rms20-45Hz>=2.5xlocal15min,active>=15s,coincident>=2",,461.7,404.6,0.768,9.92
AM_aircraft_2026-09-09__1620,AM_aircraft_2026-09-09,20260914_163935,1620,AM,R9286,EHZ,2026-09-09T12:14:00.002000Z,2026-09-09 04:14 Wed,5,Aircraft,band rule,"rule:rms20-45Hz>=2.5xlocal15min,active>=15s,coincident>=2",,373.5,170.1,0.207,1.21
AM_aircraft_2026-09-09__1650,AM_aircraft_2026-09-09,20260914_163935,1650,AM,R9286,EHZ,2026-09-09T12:50:00.002000Z,2026-09-09 04:50 Wed,5,Aircraft,band rule,"rule:rms20-45Hz>=2.5xlocal15min,active>=15s,coincident>=2",,418.3,293.8,0.493,0.68
AM_aircraft_2026-09-09__1651,AM_aircraft_2026-09-09,20260914_163935,1651,AM,R9286,EHZ,2026-09-09T12:51:00.002000Z,2026-09-09 04:51 Wed,5,Aircraft,band rule,"rule:rms20-45Hz>=2.5xlocal15min,active>=15s,coincident>=2",,346.5,217.8,0.395,0.89
AM_aircraft_2026-09-09__1652,AM_aircraft_2026-09-09,20260914_163935,1652,AM,R9286,EHZ,2026-09-09T12:52:00.002000Z,2026-09-09 04:52 Wed,5,Aircraft,band rule,"rule:rms20-45Hz>=2.5xlocal15min,active>=15s,coincident>=2",,323.6,239.4,0.547,2.75
AM_aircraft_2026-09-09__1895,AM_aircraft_2026-09-09,20260914_163935,1895,AM,R9286,EHZ,2026-09-09T17:05:00.002000Z,2026-09-09 09:05 Wed,5,Aircraft,band rule,"rule:rms20-45Hz>=2.5xlocal15min,active>=15s,coincident>=2",,1076.6,785.4,0.532,2.58
AM_aircraft_2026-09-09__1896,AM_aircraft_2026-09-09,20260914_163935,1896,AM,R9286,EHZ,2026-09-09T17:06:00.002000Z,2026-09-09 09:06 Wed,5,Aircraft,band rule,"rule:rms20-45Hz>=2.5xlocal15min,active>=15s,coincident>=2",,639.0,384.9,0.363,0.79
AM_aircraft_2026-09-09__2093,AM_aircraft_2026-09-09,20260914_163935,2093,AM,R9286,EHZ,2026-09-09T20:43:00.002000Z,2026-09-09 12:43 Wed,5,Aircraft,band rule,"rule:rms20-45Hz>=2.5xlocal15min,active>=15s,coincident>=2",,808.5,538.9,0.444,3.09
AM_aircraft_2026-09-09__2094,AM_aircraft_2026-09-09,20260914_163935,2094,AM,R9286,EHZ,2026-09-09T20:44:00.002000Z,2026-09-09 12:44 Wed,5,Aircraft,band rule,"rule:rms20-45Hz>=2.5xlocal15min,active>=15s,coincident>=2",,924.5,729.6,0.623,6.88
AM_aircraft_2026-09-09__2171,AM_aircraft_2026-09-09,20260914_163935,2171,AM,R9286,EHZ,2026-09-09T22:05:00.002000Z,2026-09-09 14:05 Wed,5,Aircraft,band rule,"rule:rms20-45Hz>=2.5xlocal15min,active>=15s,coincident>=2",,1046.7,816.2,0.608,1.09
AM_aircraft_2026-09-09__2452,AM_aircraft_2026-09-09,20260914_163935,2452,AM,R9286,EHZ,2026-09-10T02:47:00.002000Z,2026-09-09 18:47 Wed,5,Aircraft,band rule,"rule:rms20-45Hz>=2.5xlocal15min,active>=15s,coincident>=2",,607.6,324.6,0.285,1.6
AM_aircraft_2026-09-09__2702,AM_aircraft_2026-09-09,20260914_163935,2702,AM,R9286,EHZ,2026-09-10T07:06:00.002000Z,2026-09-09 23:06 Wed,5,Aircraft,band rule,"rule:rms20-45Hz>=2.5xlocal15min,active>=15s,coincident>=2",,364.0,273.7,0.565,1.18
AM_aircraft_2026-09-09__2708,AM_aircraft_2026-09-09,20260914_163935,2708,AM,R9286,EHZ,2026-09-10T07:13:00.002000Z,2026-09-09 23:13 Wed,5,Aircraft,band rule,"rule:rms20-45Hz>=2.5xlocal15min,active>=15s,coincident>=2",,477.9,378.1,0.626,2.79
AM_aircraft_2026-09-09__2727,AM_aircraft_2026-09-09,20260914_163935,2727,AM,R9286,EHZ,2026-09-10T07:32:00.002000Z,2026-09-09 23:32 Wed,5,Aircraft,band rule,"rule:rms20-45Hz>=2.5xlocal15min,active>=15s,coincident>=2",,318.8,261.5,0.673,2.46
AM_aircraft_2026-09-09__1422,AM_aircraft_2026-09-09,20260914_163935,1422,AM,R9286,EHZ,2026-09-09T08:33:00.002000Z,2026-09-09 00:33 Wed,0,Noise,band rule,"rule:rms20-45Hz>=2.5xlocal15min,active>=15s,coincident>=2",,145.7,69.2,0.226,0.51
AM_aircraft_2026-09-09__1522,AM_aircraft_2026-09-09,20260914_163935,1522,AM,R9286,EHZ,2026-09-09T10:23:00.002000Z,2026-09-09 02:23 Wed,0,Noise,band rule,"rule:rms20-45Hz>=2.5xlocal15min,active>=15s,coincident>=2",,122.2,26.2,0.046,0.03
AM_aircraft_2026-09-09__1562,AM_aircraft_2026-09-09,20260914_163935,1562,AM,R9286,EHZ,2026-09-09T11:08:00.002000Z,2026-09-09 03:08 Wed,0,Noise,band rule,"rule:rms20-45Hz>=2.5xlocal15min,active>=15s,coincident>=2",,157.2,34.1,0.047,0.07
AM_aircraft_2026-09-09__1830,AM_aircraft_2026-09-09,20260914_163935,1830,AM,R9286,EHZ,2026-09-09T15:59:00.002000Z,2026-09-09 07:59 Wed,0,Noise,band rule,"rule:rms20-45Hz>=2.5xlocal15min,active>=15s,coincident>=2",,530.2,248.0,0.219,2.11
AM_aircraft_2026-09-09__2024,AM_aircraft_2026-09-09,20260914_163935,2024,AM,R9286,EHZ,2026-09-09T19:22:00.002000Z,2026-09-09 11:22 Wed,0,Noise,band rule,"rule:rms20-45Hz>=2.5xlocal15min,active>=15s,coincident>=2",,524.7,160.0,0.093,0.87
AM_aircraft_2026-09-09__2137,AM_aircraft_2026-09-09,20260914_163935,2137,AM,R9286,EHZ,2026-09-09T21:28:00.002000Z,2026-09-09 13:28 Wed,0,Noise,band rule,"rule:rms20-45Hz>=2.5xlocal15min,active>=15s,coincident>=2",,689.5,280.1,0.165,-0.65
AM_aircraft_2026-09-09__2179,AM_aircraft_2026-09-09,20260914_163935,2179,AM,R9286,EHZ,2026-09-09T22:13:00.002000Z,2026-09-09 14:13 Wed,0,Noise,band rule,"rule:rms20-45Hz>=2.5xlocal15min,active>=15s,coincident>=2",,448.0,230.1,0.264,-0.69
AM_aircraft_2026-09-09__2318,AM_aircraft_2026-09-09,20260914_163935,2318,AM,R9286,EHZ,2026-09-10T00:32:00.002000Z,2026-09-09 16:32 Wed,0,Noise,band rule,"rule:rms20-45Hz>=2.5xlocal15min,active>=15s,coincident>=2",,696.6,426.5,0.375,5.43
AM_aircraft_2026-09-09__2561,AM_aircraft_2026-09-09,20260914_163935,2561,AM,R9286,EHZ,2026-09-10T04:36:00.002000Z,2026-09-09 20:36 Wed,0,Noise,band rule,"rule:rms20-45Hz>=2.5xlocal15min,active>=15s,coincident>=2",,279.5,97.8,0.122,0.14
AM_aircraft_2026-09-09__2667,AM_aircraft_2026-09-09,20260914_163935,2667,AM,R9286,EHZ,2026-09-10T06:30:00.002000Z,2026-09-09 22:30 Wed,0,Noise,band rule,"rule:rms20-45Hz>=2.5xlocal15min,active>=15s,coincident>=2",,236.0,71.0,0.091,-0.68
AM_aircraft_2026-09-09__19,AM_aircraft_2026-09-09,20260914_163935,19,AM,RFD97,EHZ,2026-09-09T08:20:00.003000Z,2026-09-09 00:20 Wed,5,Aircraft,band rule,"rule:rms20-45Hz>=2.5xlocal15min,active>=15s,coincident>=2",,694.4,107.0,0.024,0.11
AM_aircraft_2026-09-09__20,AM_aircraft_2026-09-09,20260914_163935,20,AM,RFD97,EHZ,2026-09-09T08:21:00.003000Z,2026-09-09 00:21 Wed,5,Aircraft,band rule,"rule:rms20-45Hz>=2.5xlocal15min,active>=15s,coincident>=2",,834.8,165.4,0.039,2.67
AM_aircraft_2026-09-09__27,AM_aircraft_2026-09-09,20260914_163935,27,AM,RFD97,EHZ,2026-09-09T08:30:00.003000Z,2026-09-09 00:30 Wed,5,Aircraft,band rule,"rule:rms20-45Hz>=2.5xlocal15min,active>=15s,coincident>=2",,271.8,87.6,0.104,1.14
AM_aircraft_2026-09-09__52,AM_aircraft_2026-09-09,20260914_163935,52,AM,RFD97,EHZ,2026-09-09T08:55:00.003000Z,2026-09-09 00:55 Wed,5,Aircraft,band rule,"rule:rms20-45Hz>=2.5xlocal15min,active>=15s,coincident>=2",,228.2,73.1,0.103,5.08
AM_aircraft_2026-09-09__67,AM_aircraft_2026-09-09,20260914_163935,67,AM,RFD97,EHZ,2026-09-09T09:10:00.003000Z,2026-09-09 01:10 Wed,5,Aircraft,band rule,"rule:rms20-45Hz>=2.5xlocal15min,active>=15s,coincident>=2",,341.5,99.5,0.085,1.42
AM_aircraft_2026-09-09__96,AM_aircraft_2026-09-09,20260914_163935,96,AM,RFD97,EHZ,2026-09-09T09:40:00.003000Z,2026-09-09 01:40 Wed,5,Aircraft,band rule,"rule:rms20-45Hz>=2.5xlocal15min,active>=15s,coincident>=2",,330.7,127.8,0.149,5.85
AM_aircraft_2026-09-09__114,AM_aircraft_2026-09-09,20260914_163935,114,AM,RFD97,EHZ,2026-09-09T09:58:00.003000Z,2026-09-09 01:58 Wed,5,Aircraft,band rule,"rule:rms20-45Hz>=2.5xlocal15min,active>=15s,coincident>=2",,286.3,122.9,0.184,3.06
AM_aircraft_2026-09-09__124,AM_aircraft_2026-09-09,20260914_163935,124,AM,RFD97,EHZ,2026-09-09T10:08:00.003000Z,2026-09-09 02:08 Wed,5,Aircraft,band rule,"rule:rms20-45Hz>=2.5xlocal15min,active>=15s,coincident>=2",,376.7,150.8,0.16,11.52
AM_aircraft_2026-09-09__126,AM_aircraft_2026-09-09,20260914_163935,126,AM,RFD97,EHZ,2026-09-09T10:10:00.003000Z,2026-09-09 02:10 Wed,5,Aircraft,band rule,"rule:rms20-45Hz>=2.5xlocal15min,active>=15s,coincident>=2",,204.6,79.4,0.151,5.59
AM_aircraft_2026-09-09__154,AM_aircraft_2026-09-09,20260914_163935,154,AM,RFD97,EHZ,2026-09-09T10:38:00.003000Z,2026-09-09 02:38 Wed,5,Aircraft,band rule,"rule:rms20-45Hz>=2.5xlocal15min,active>=15s,coincident>=2",,363.8,73.6,0.041,1.66
AM_aircraft_2026-09-09__171,AM_aircraft_2026-09-09,20260914_163935,171,AM,RFD97,EHZ,2026-09-09T10:58:00.003000Z,2026-09-09 02:58 Wed,5,Aircraft,band rule,"rule:rms20-45Hz>=2.5xlocal15min,active>=15s,coincident>=2",,224.5,84.5,0.142,1.51
AM_aircraft_2026-09-09__172,AM_aircraft_2026-09-09,20260914_163935,172,AM,RFD97,EHZ,2026-09-09T10:59:00.003000Z,2026-09-09 02:59 Wed,5,Aircraft,band rule,"rule:rms20-45Hz>=2.5xlocal15min,active>=15s,coincident>=2",,314.6,137.9,0.192,5.53
AM_aircraft_2026-09-09__188,AM_aircraft_2026-09-09,20260914_163935,188,AM,RFD97,EHZ,2026-09-09T11:15:00.003000Z,2026-09-09 03:15 Wed,5,Aircraft,band rule,"rule:rms20-45Hz>=2.5xlocal15min,active>=15s,coincident>=2",,330.4,130.8,0.157,8.61
AM_aircraft_2026-09-09__197,AM_aircraft_2026-09-09,20260914_163935,197,AM,RFD97,EHZ,2026-09-09T11:24:00.003000Z,2026-09-09 03:24 Wed,5,Aircraft,band rule,"rule:rms20-45Hz>=2.5xlocal15min,active>=15s,coincident>=2",,274.2,139.0,0.257,4.08
AM_aircraft_2026-09-09__234,AM_aircraft_2026-09-09,20260914_163935,234,AM,RFD97,EHZ,2026-09-09T12:02:00.003000Z,2026-09-09 04:02 Wed,5,Aircraft,band rule,"rule:rms20-45Hz>=2.5xlocal15min,active>=15s,coincident>=2",,317.2,170.7,0.29,11.95
AM_aircraft_2026-09-09__246,AM_aircraft_2026-09-09,20260914_163935,246,AM,RFD97,EHZ,2026-09-09T12:14:00.003000Z,2026-09-09 04:14 Wed,5,Aircraft,band rule,"rule:rms20-45Hz>=2.5xlocal15min,active>=15s,coincident>=2",,574.3,163.9,0.081,4.83
AM_aircraft_2026-09-09__282,AM_aircraft_2026-09-09,20260914_163935,282,AM,RFD97,EHZ,2026-09-09T12:50:00.003000Z,2026-09-09 04:50 Wed,5,Aircraft,band rule,"rule:rms20-45Hz>=2.5xlocal15min,active>=15s,coincident>=2",,280.7,103.1,0.135,1.79
AM_aircraft_2026-09-09__283,AM_aircraft_2026-09-09,20260914_163935,283,AM,RFD97,EHZ,2026-09-09T12:51:00.003000Z,2026-09-09 04:51 Wed,5,Aircraft,band rule,"rule:rms20-45Hz>=2.5xlocal15min,active>=15s,coincident>=2",,266.7,66.0,0.061,0.61
AM_aircraft_2026-09-09__284,AM_aircraft_2026-09-09,20260914_163935,284,AM,RFD97,EHZ,2026-09-09T12:52:00.003000Z,2026-09-09 04:52 Wed,5,Aircraft,band rule,"rule:rms20-45Hz>=2.5xlocal15min,active>=15s,coincident>=2",,269.9,73.2,0.073,3.43
AM_aircraft_2026-09-09__533,AM_aircraft_2026-09-09,20260914_163935,533,AM,RFD97,EHZ,2026-09-09T17:05:00.003000Z,2026-09-09 09:05 Wed,5,Aircraft,band rule,"rule:rms20-45Hz>=2.5xlocal15min,active>=15s,coincident>=2",,923.7,254.2,0.076,9.09
AM_aircraft_2026-09-09__737,AM_aircraft_2026-09-09,20260914_163935,737,AM,RFD97,EHZ,2026-09-09T20:43:00.003000Z,2026-09-09 12:43 Wed,5,Aircraft,band rule,"rule:rms20-45Hz>=2.5xlocal15min,active>=15s,coincident>=2",,773.3,212.9,0.076,9.76
AM_aircraft_2026-09-09__816,AM_aircraft_2026-09-09,20260914_163935,816,AM,RFD97,EHZ,2026-09-09T22:05:00.003000Z,2026-09-09 14:05 Wed,5,Aircraft,band rule,"rule:rms20-45Hz>=2.5xlocal15min,active>=15s,coincident>=2",,828.7,276.4,0.111,2.88
AM_aircraft_2026-09-09__1093,AM_aircraft_2026-09-09,20260914_163935,1093,AM,RFD97,EHZ,2026-09-10T02:46:00.003000Z,2026-09-09 18:46 Wed,5,Aircraft,band rule,"rule:rms20-45Hz>=2.5xlocal15min,active>=15s,coincident>=2",,695.7,259.3,0.139,30.57
AM_aircraft_2026-09-09__1339,AM_aircraft_2026-09-09,20260914_163935,1339,AM,RFD97,EHZ,2026-09-10T07:06:00.003000Z,2026-09-09 23:06 Wed,5,Aircraft,band rule,"rule:rms20-45Hz>=2.5xlocal15min,active>=15s,coincident>=2",,389.7,154.3,0.157,0.87
AM_aircraft_2026-09-09__1346,AM_aircraft_2026-09-09,20260914_163935,1346,AM,RFD97,EHZ,2026-09-10T07:13:00.003000Z,2026-09-09 23:13 Wed,5,Aircraft,band rule,"rule:rms20-45Hz>=2.5xlocal15min,active>=15s,coincident>=2",,334.0,210.0,0.395,2.69
AM_aircraft_2026-09-09__1364,AM_aircraft_2026-09-09,20260914_163935,1364,AM,RFD97,EHZ,2026-09-10T07:32:00.003000Z,2026-09-09 23:32 Wed,5,Aircraft,band rule,"rule:rms20-45Hz>=2.5xlocal15min,active>=15s,coincident>=2",,260.9,152.8,0.343,3.12
AM_aircraft_2026-09-09__23,AM_aircraft_2026-09-09,20260914_163935,23,AM,RFD97,EHZ,2026-09-09T08:26:00.003000Z,2026-09-09 00:26 Wed,0,Noise,band rule,"rule:rms20-45Hz>=2.5xlocal15min,active>=15s,coincident>=2",,150.2,20.3,0.018,0.4
AM_aircraft_2026-09-09__57,AM_aircraft_2026-09-09,20260914_163935,57,AM,RFD97,EHZ,2026-09-09T09:00:00.003000Z,2026-09-09 01:00 Wed,0,Noise,band rule,"rule:rms20-45Hz>=2.5xlocal15min,active>=15s,coincident>=2",,160.8,19.0,0.014,0.08
AM_aircraft_2026-09-09__341,AM_aircraft_2026-09-09,20260914_163935,341,AM,RFD97,EHZ,2026-09-09T13:52:00.003000Z,2026-09-09 05:52 Wed,0,Noise,band rule,"rule:rms20-45Hz>=2.5xlocal15min,active>=15s,coincident>=2",,427.3,37.6,0.008,-0.16
AM_aircraft_2026-09-09__530,AM_aircraft_2026-09-09,20260914_163935,530,AM,RFD97,EHZ,2026-09-09T17:02:00.003000Z,2026-09-09 09:02 Wed,0,Noise,band rule,"rule:rms20-45Hz>=2.5xlocal15min,active>=15s,coincident>=2",,589.9,47.0,0.006,0.76
AM_aircraft_2026-09-09__657,AM_aircraft_2026-09-09,20260914_163935,657,AM,RFD97,EHZ,2026-09-09T19:14:00.003000Z,2026-09-09 11:14 Wed,0,Noise,band rule,"rule:rms20-45Hz>=2.5xlocal15min,active>=15s,coincident>=2",,712.6,84.2,0.014,3.06
AM_aircraft_2026-09-09__800,AM_aircraft_2026-09-09,20260914_163935,800,AM,RFD97,EHZ,2026-09-09T21:46:00.003000Z,2026-09-09 13:46 Wed,0,Noise,band rule,"rule:rms20-45Hz>=2.5xlocal15min,active>=15s,coincident>=2",,817.8,78.1,0.009,2.62
AM_aircraft_2026-09-09__1114,AM_aircraft_2026-09-09,20260914_163935,1114,AM,RFD97,EHZ,2026-09-10T03:07:00.003000Z,2026-09-09 19:07 Wed,0,Noise,band rule,"rule:rms20-45Hz>=2.5xlocal15min,active>=15s,coincident>=2",,720.5,135.8,0.036,4.77
AM_aircraft_2026-09-09__1188,AM_aircraft_2026-09-09,20260914_163935,1188,AM,RFD97,EHZ,2026-09-10T04:24:00.003000Z,2026-09-09 20:24 Wed,0,Noise,band rule,"rule:rms20-45Hz>=2.5xlocal15min,active>=15s,coincident>=2",,479.6,112.4,0.055,23.14
AM_aircraft_2026-09-09__1251,AM_aircraft_2026-09-09,20260914_163935,1251,AM,RFD97,EHZ,2026-09-10T05:31:00.003000Z,2026-09-09 21:31 Wed,0,Noise,band rule,"rule:rms20-45Hz>=2.5xlocal15min,active>=15s,coincident>=2",,297.5,58.7,0.039,0.44
AM_aircraft_2026-09-09__1331,AM_aircraft_2026-09-09,20260914_163935,1331,AM,RFD97,EHZ,2026-09-10T06:58:00.003000Z,2026-09-09 22:58 Wed,0,Noise,band rule,"rule:rms20-45Hz>=2.5xlocal15min,active>=15s,coincident>=2",,225.2,21.5,0.009,0.08
AM_aircraft_2026-09-12__1418,AM_aircraft_2026-09-12,20260914_164114,1418,AM,R9286,EHZ,2026-09-12T08:47:00.002000Z,2026-09-12 00:47 Sat,5,Aircraft,band rule,"rule:rms20-45Hz>=2.5xlocal15min,active>=15s,coincident>=2",,478.6,348.5,0.53,1.63
AM_aircraft_2026-09-12__1458,AM_aircraft_2026-09-12,20260914_164114,1458,AM,R9286,EHZ,2026-09-12T09:29:00.002000Z,2026-09-12 01:29 Sat,5,Aircraft,band rule,"rule:rms20-45Hz>=2.5xlocal15min,active>=15s,coincident>=2",,471.1,262.9,0.311,5.24
AM_aircraft_2026-09-12__1459,AM_aircraft_2026-09-12,20260914_164114,1459,AM,R9286,EHZ,2026-09-12T09:30:00.002000Z,2026-09-12 01:30 Sat,5,Aircraft,band rule,"rule:rms20-45Hz>=2.5xlocal15min,active>=15s,coincident>=2",,248.0,103.8,0.175,0.93
AM_aircraft_2026-09-12__1640,AM_aircraft_2026-09-12,20260914_164114,1640,AM,R9286,EHZ,2026-09-12T12:34:00.002000Z,2026-09-12 04:34 Sat,5,Aircraft,band rule,"rule:rms20-45Hz>=2.5xlocal15min,active>=15s,coincident>=2",,773.7,522.1,0.455,0.55
AM_aircraft_2026-09-12__1670,AM_aircraft_2026-09-12,20260914_164114,1670,AM,R9286,EHZ,2026-09-12T13:04:00.002000Z,2026-09-12 05:04 Sat,5,Aircraft,band rule,"rule:rms20-45Hz>=2.5xlocal15min,active>=15s,coincident>=2",,786.5,512.0,0.424,0.74
AM_aircraft_2026-09-12__1750,AM_aircraft_2026-09-12,20260914_164114,1750,AM,R9286,EHZ,2026-09-12T14:27:00.002000Z,2026-09-12 06:27 Sat,5,Aircraft,band rule,"rule:rms20-45Hz>=2.5xlocal15min,active>=15s,coincident>=2",,868.7,584.9,0.453,2.08
AM_aircraft_2026-09-12__1766,AM_aircraft_2026-09-12,20260914_164114,1766,AM,R9286,EHZ,2026-09-12T14:43:00.002000Z,2026-09-12 06:43 Sat,5,Aircraft,band rule,"rule:rms20-45Hz>=2.5xlocal15min,active>=15s,coincident>=2",,939.1,605.3,0.415,0.15
AM_aircraft_2026-09-12__1920,AM_aircraft_2026-09-12,20260914_164114,1920,AM,R9286,EHZ,2026-09-12T17:20:00.002000Z,2026-09-12 09:20 Sat,5,Aircraft,band rule,"rule:rms20-45Hz>=2.5xlocal15min,active>=15s,coincident>=2",,811.0,454.3,0.314,2.76
AM_aircraft_2026-09-12__2008,AM_aircraft_2026-09-12,20260914_164114,2008,AM,R9286,EHZ,2026-09-12T18:52:00.002000Z,2026-09-12 10:52 Sat,5,Aircraft,band rule,"rule:rms20-45Hz>=2.5xlocal15min,active>=15s,coincident>=2",,725.7,476.5,0.431,0.88
AM_aircraft_2026-09-12__2712,AM_aircraft_2026-09-12,20260914_164114,2712,AM,R9286,EHZ,2026-09-13T06:57:00.002000Z,2026-09-12 22:57 Sat,5,Aircraft,band rule,"rule:rms20-45Hz>=2.5xlocal15min,active>=15s,coincident>=2",,325.1,171.8,0.279,1.43
AM_aircraft_2026-09-12__2713,AM_aircraft_2026-09-12,20260914_164114,2713,AM,R9286,EHZ,2026-09-13T06:58:00.002000Z,2026-09-12 22:58 Sat,5,Aircraft,band rule,"rule:rms20-45Hz>=2.5xlocal15min,active>=15s,coincident>=2",,227.7,119.8,0.277,1.7
AM_aircraft_2026-09-12__1549,AM_aircraft_2026-09-12,20260914_164114,1549,AM,R9286,EHZ,2026-09-12T11:00:00.002000Z,2026-09-12 03:00 Sat,0,Noise,band rule,"rule:rms20-45Hz>=2.5xlocal15min,active>=15s,coincident>=2",,216.6,187.8,0.752,-1.33
AM_aircraft_2026-09-12__1555,AM_aircraft_2026-09-12,20260914_164114,1555,AM,R9286,EHZ,2026-09-12T11:06:00.002000Z,2026-09-12 03:06 Sat,0,Noise,band rule,"rule:rms20-45Hz>=2.5xlocal15min,active>=15s,coincident>=2",,201.3,184.6,0.841,-1.38
AM_aircraft_2026-09-12__1797,AM_aircraft_2026-09-12,20260914_164114,1797,AM,R9286,EHZ,2026-09-12T15:14:00.002000Z,2026-09-12 07:14 Sat,0,Noise,band rule,"rule:rms20-45Hz>=2.5xlocal15min,active>=15s,coincident>=2",,846.5,544.8,0.414,1.04
AM_aircraft_2026-09-12__1802,AM_aircraft_2026-09-12,20260914_164114,1802,AM,R9286,EHZ,2026-09-12T15:19:00.002000Z,2026-09-12 07:19 Sat,0,Noise,band rule,"rule:rms20-45Hz>=2.5xlocal15min,active>=15s,coincident>=2",,450.5,284.8,0.4,-0.37
AM_aircraft_2026-09-12__1813,AM_aircraft_2026-09-12,20260914_164114,1813,AM,R9286,EHZ,2026-09-12T15:30:00.002000Z,2026-09-12 07:30 Sat,0,Noise,band rule,"rule:rms20-45Hz>=2.5xlocal15min,active>=15s,coincident>=2",,495.4,199.5,0.162,1.45
AM_aircraft_2026-09-12__1983,AM_aircraft_2026-09-12,20260914_164114,1983,AM,R9286,EHZ,2026-09-12T18:27:00.002000Z,2026-09-12 10:27 Sat,0,Noise,band rule,"rule:rms20-45Hz>=2.5xlocal15min,active>=15s,coincident>=2",,677.4,156.3,0.053,14.1
AM_aircraft_2026-09-12__2297,AM_aircraft_2026-09-12,20260914_164114,2297,AM,R9286,EHZ,2026-09-12T23:47:00.002000Z,2026-09-12 15:47 Sat,0,Noise,band rule,"rule:rms20-45Hz>=2.5xlocal15min,active>=15s,coincident>=2",,1836.3,225.2,0.015,2.89
AM_aircraft_2026-09-12__2481,AM_aircraft_2026-09-12,20260914_164114,2481,AM,R9286,EHZ,2026-09-13T02:54:00.002000Z,2026-09-12 18:54 Sat,0,Noise,band rule,"rule:rms20-45Hz>=2.5xlocal15min,active>=15s,coincident>=2",,388.8,127.2,0.107,0.98
AM_aircraft_2026-09-12__2486,AM_aircraft_2026-09-12,20260914_164114,2486,AM,R9286,EHZ,2026-09-13T02:59:00.002000Z,2026-09-12 18:59 Sat,0,Noise,band rule,"rule:rms20-45Hz>=2.5xlocal15min,active>=15s,coincident>=2",,277.8,113.8,0.168,0.13
AM_aircraft_2026-09-12__2575,AM_aircraft_2026-09-12,20260914_164114,2575,AM,R9286,EHZ,2026-09-13T04:34:00.002000Z,2026-09-12 20:34 Sat,0,Noise,band rule,"rule:rms20-45Hz>=2.5xlocal15min,active>=15s,coincident>=2",,215.1,79.2,0.136,-0.38
AM_aircraft_2026-09-12__47,AM_aircraft_2026-09-12,20260914_164114,47,AM,RFD97,EHZ,2026-09-12T08:47:00.003000Z,2026-09-12 00:47 Sat,5,Aircraft,band rule,"rule:rms20-45Hz>=2.5xlocal15min,active>=15s,coincident>=2",,290.2,98.8,0.116,2.88
AM_aircraft_2026-09-12__87,AM_aircraft_2026-09-12,20260914_164114,87,AM,RFD97,EHZ,2026-09-12T09:29:00.003000Z,2026-09-12 01:29 Sat,5,Aircraft,band rule,"rule:rms20-45Hz>=2.5xlocal15min,active>=15s,coincident>=2",,291.6,113.9,0.152,5.68
AM_aircraft_2026-09-12__261,AM_aircraft_2026-09-12,20260914_164114,261,AM,RFD97,EHZ,2026-09-12T12:34:00.003000Z,2026-09-12 04:34 Sat,5,Aircraft,band rule,"rule:rms20-45Hz>=2.5xlocal15min,active>=15s,coincident>=2",,322.9,128.0,0.157,0.47
AM_aircraft_2026-09-12__286,AM_aircraft_2026-09-12,20260914_164114,286,AM,RFD97,EHZ,2026-09-12T13:03:00.003000Z,2026-09-12 05:03 Sat,5,Aircraft,band rule,"rule:rms20-45Hz>=2.5xlocal15min,active>=15s,coincident>=2",,361.8,123.1,0.116,3.33
AM_aircraft_2026-09-12__287,AM_aircraft_2026-09-12,20260914_164114,287,AM,RFD97,EHZ,2026-09-12T13:04:00.003000Z,2026-09-12 05:04 Sat,5,Aircraft,band rule,"rule:rms20-45Hz>=2.5xlocal15min,active>=15s,coincident>=2",,399.3,99.5,0.062,0.61
AM_aircraft_2026-09-12__364,AM_aircraft_2026-09-12,20260914_164114,364,AM,RFD97,EHZ,2026-09-12T14:27:00.003000Z,2026-09-12 06:27 Sat,5,Aircraft,band rule,"rule:rms20-45Hz>=2.5xlocal15min,active>=15s,coincident>=2",,471.2,196.1,0.173,3.77
AM_aircraft_2026-09-12__380,AM_aircraft_2026-09-12,20260914_164114,380,AM,RFD97,EHZ,2026-09-12T14:43:00.003000Z,2026-09-12 06:43 Sat,5,Aircraft,band rule,"rule:rms20-45Hz>=2.5xlocal15min,active>=15s,coincident>=2",,537.4,218.8,0.166,0.75
AM_aircraft_2026-09-12__530,AM_aircraft_2026-09-12,20260914_164114,530,AM,RFD97,EHZ,2026-09-12T17:20:00.003000Z,2026-09-12 09:20 Sat,5,Aircraft,band rule,"rule:rms20-45Hz>=2.5xlocal15min,active>=15s,coincident>=2",,671.1,168.6,0.063,2.39
AM_aircraft_2026-09-12__617,AM_aircraft_2026-09-12,20260914_164114,617,AM,RFD97,EHZ,2026-09-12T18:52:00.003000Z,2026-09-12 10:52 Sat,5,Aircraft,band rule,"rule:rms20-45Hz>=2.5xlocal15min,active>=15s,coincident>=2",,587.5,194.3,0.109,7.97
AM_aircraft_2026-09-12__1312,AM_aircraft_2026-09-12,20260914_164114,1312,AM,RFD97,EHZ,2026-09-13T06:57:00.003000Z,2026-09-12 22:57 Sat,5,Aircraft,band rule,"rule:rms20-45Hz>=2.5xlocal15min,active>=15s,coincident>=2",,537.6,185.0,0.118,6.9
AM_aircraft_2026-09-12__70,AM_aircraft_2026-09-12,20260914_164114,70,AM,RFD97,EHZ,2026-09-12T09:12:00.003000Z,2026-09-12 01:12 Sat,0,Noise,band rule,"rule:rms20-45Hz>=2.5xlocal15min,active>=15s,coincident>=2",,169.9,19.7,0.013,7.04
AM_aircraft_2026-09-12__132,AM_aircraft_2026-09-12,20260914_164114,132,AM,RFD97,EHZ,2026-09-12T10:16:00.003000Z,2026-09-12 02:16 Sat,0,Noise,band rule,"rule:rms20-45Hz>=2.5xlocal15min,active>=15s,coincident>=2",,152.5,23.2,0.023,-0.18
AM_aircraft_2026-09-12__361,AM_aircraft_2026-09-12,20260914_164114,361,AM,RFD97,EHZ,2026-09-12T14:24:00.003000Z,2026-09-12 06:24 Sat,0,Noise,band rule,"rule:rms20-45Hz>=2.5xlocal15min,active>=15s,coincident>=2",,415.3,54.9,0.018,-0.83
AM_aircraft_2026-09-12__625,AM_aircraft_2026-09-12,20260914_164114,625,AM,RFD97,EHZ,2026-09-12T19:01:00.003000Z,2026-09-12 11:01 Sat,0,Noise,band rule,"rule:rms20-45Hz>=2.5xlocal15min,active>=15s,coincident>=2",,438.9,40.5,0.009,-0.24
AM_aircraft_2026-09-12__835,AM_aircraft_2026-09-12,20260914_164114,835,AM,RFD97,EHZ,2026-09-12T22:40:00.003000Z,2026-09-12 14:40 Sat,0,Noise,band rule,"rule:rms20-45Hz>=2.5xlocal15min,active>=15s,coincident>=2",,526.2,82.8,0.025,18.04
AM_aircraft_2026-09-12__869,AM_aircraft_2026-09-12,20260914_164114,869,AM,RFD97,EHZ,2026-09-12T23:15:00.003000Z,2026-09-12 15:15 Sat,0,Noise,band rule,"rule:rms20-45Hz>=2.5xlocal15min,active>=15s,coincident>=2",,2047.8,75.2,0.001,0.86
AM_aircraft_2026-09-12__873,AM_aircraft_2026-09-12,20260914_164114,873,AM,RFD97,EHZ,2026-09-12T23:19:00.003000Z,2026-09-12 15:19 Sat,0,Noise,band rule,"rule:rms20-45Hz>=2.5xlocal15min,active>=15s,coincident>=2",,6856.2,153.7,0.001,1.21
AM_aircraft_2026-09-12__908,AM_aircraft_2026-09-12,20260914_164114,908,AM,RFD97,EHZ,2026-09-12T23:58:00.003000Z,2026-09-12 15:58 Sat,0,Noise,band rule,"rule:rms20-45Hz>=2.5xlocal15min,active>=15s,coincident>=2",,575.7,93.5,0.026,5.14
AM_aircraft_2026-09-12__1086,AM_aircraft_2026-09-12,20260914_164114,1086,AM,RFD97,EHZ,2026-09-13T03:06:00.003000Z,2026-09-12 19:06 Sat,0,Noise,band rule,"rule:rms20-45Hz>=2.5xlocal15min,active>=15s,coincident>=2",,402.9,76.1,0.036,11.51
AM_aircraft_2026-09-12__1252,AM_aircraft_2026-09-12,20260914_164114,1252,AM,RFD97,EHZ,2026-09-13T05:52:00.003000Z,2026-09-12 21:52 Sat,0,Noise,band rule,"rule:rms20-45Hz>=2.5xlocal15min,active>=15s,coincident>=2",,217.8,54.5,0.063,-0.37
