window_id,event_id,network,station,location,channel,latitude,longitude,start_time,end_time,sampling_rate,native_sampling_rate,window_len_sec,p_offset_sec,window_type,label,label_name,label_method,source,bandpass_hz,rms,peak,rms_band,peak_band,band_ratio,stalta_band_max,kurtosis_band,reviewed,review_label,reference_rms,band_active_sec,coincident_stations,rms_ratio
0,,AM,RFD97,00,EHZ,61.1981981981982,-149.9449437586522,2026-09-05T08:50:00.003000Z,2026-09-05T08:51:00.003000Z,100.0,100.0,60.0,,aircraft,5,Aircraft,"rule:rms20-45Hz>=2.5xlocal15min,active>=15s,coincident>=2",AM,2-45,394.7729160982874,1899.9863667763204,223.51914625430928,1205.4399524574837,0.3205787716761943,4.724689715026758,4.342211430406344,,,37.93642009881814,39,2,5.891940928323723
1,,AM,RFD97,00,EHZ,61.1981981981982,-149.9449437586522,2026-09-05T08:57:00.003000Z,2026-09-05T08:58:00.003000Z,100.0,100.0,60.0,,aircraft,5,Aircraft,"rule:rms20-45Hz>=2.5xlocal15min,active>=15s,coincident>=2",AM,2-45,324.39072290459563,1365.9879670125486,137.32004636632632,816.6975166494451,0.17919712254924858,4.603582414021733,3.837399011910728,,,37.93642009881814,26,2,3.619741820884263
2,,AM,RFD97,00,EHZ,61.1981981981982,-149.9449437586522,2026-09-05T09:00:00.003000Z,2026-09-05T09:01:00.003000Z,100.0,100.0,60.0,,noise,0,Noise,"rule:rms20-45Hz>=2.5xlocal15min,active>=15s,coincident>=2",AM,2-45,245.54523746899855,891.988634545338,19.52435724058972,74.6593970279836,0.006322523622700837,1.5760434325517678,-0.1438867784909852,,,39.01456646565925,0,0,0.5004376316157485
3,,AM,RFD97,00,EHZ,61.1981981981982,-149.9449437586522,2026-09-05T09:01:00.003000Z,2026-09-05T09:02:00.003000Z,100.0,100.0,60.0,,noise,0,Noise,"rule:rms20-45Hz>=2.5xlocal15min,active>=15s,coincident>=2",AM,2-45,274.39040720418177,1151.9888929882839,19.885851193854133,77.51904962981135,0.005252312070173366,1.5965889271118265,-0.08146312688940593,,,39.55830364376279,0,0,0.5026972686425991
4,,AM,RFD97,00,EHZ,61.1981981981982,-149.9449437586522,2026-09-05T09:10:00.003000Z,2026-09-05T09:11:00.003000Z,100.0,100.0,60.0,,noise,0,Noise,"rule:rms20-45Hz>=2.5xlocal15min,active>=15s,coincident>=2",AM,2-45,567.0118762346399,2325.008994323758,39.55830364376279,163.43183994510198,0.004867332428032227,1.6125058691203247,-0.3592512013220386,,,37.09157056157915,0,0,1.0665038725736455
5,,AM,RFD97,00,EHZ,61.1981981981982,-149.9449437586522,2026-09-05T09:12:00.003000Z,2026-09-05T09:13:00.003000Z,100.0,100.0,60.0,,noise,0,Noise,"rule:rms20-45Hz>=2.5xlocal15min,active>=15s,coincident>=2",AM,2-45,257.81188841548766,1077.0085824816776,37.38683439487006,149.39566966299995,0.021029624038820464,2.0085942153879195,-0.2819945825687311,,,35.08575651266935,0,0,1.0655843883933298
6,,AM,RFD97,00,EHZ,61.1981981981982,-149.9449437586522,2026-09-05T09:15:00.003000Z,2026-09-05T09:16:00.003000Z,100.0,100.0,60.0,,aircraft,5,Aircraft,"rule:rms20-45Hz>=2.5xlocal15min,active>=15s,coincident>=2",AM,2-45,311.77712773351203,1280.007826380286,105.48012644445963,629.2714775752384,0.11445974655702074,3.178544955700703,3.414283604229703,,,30.310162877050356,27,2,3.4800250619677455
7,,AM,RFD97,00,EHZ,61.1981981981982,-149.9449437586522,2026-09-05T09:16:00.003000Z,2026-09-05T09:17:00.003000Z,100.0,100.0,60.0,,aircraft,5,Aircraft,"rule:rms20-45Hz>=2.5xlocal15min,active>=15s,coincident>=2",AM,2-45,322.3081826114509,1323.0077265733742,79.6988585931252,522.7046245103018,0.061145083266206116,2.378896045232533,3.947022054066931,,,30.310162877050356,19,2,2.6294434284769213
8,,AM,RFD97,00,EHZ,61.1981981981982,-149.9449437586522,2026-09-05T09:26:00.003000Z,2026-09-05T09:27:00.003000Z,100.0,100.0,60.0,,noise,0,Noise,"rule:rms20-45Hz>=2.5xlocal15min,active>=15s,coincident>=2",AM,2-45,227.4759592578069,908.0054014660308,35.64474904481014,123.3503463649179,0.02455387907370176,1.64362096791709,-0.44333274711273907,,,37.09157056157915,0,0,0.9609932527832165
9,,AM,RFD97,00,EHZ,61.1981981981982,-149.9449437586522,2026-09-05T09:27:00.003000Z,2026-09-05T09:28:00.003000Z,100.0,100.0,60.0,,noise,0,Noise,"rule:rms20-45Hz>=2.5xlocal15min,active>=15s,coincident>=2",AM,2-45,220.4086024608883,670.0051703925782,35.08575651266935,128.9584273517322,0.025339883190582363,1.7834339268257173,-0.2560641007312481,,,35.64474904481014,0,0,0.9843176751942323
10,,AM,RFD97,00,EHZ,61.1981981981982,-149.9449437586522,2026-09-05T09:28:00.003000Z,2026-09-05T09:29:00.003000Z,100.0,100.0,60.0,,noise,0,Noise,"rule:rms20-45Hz>=2.5xlocal15min,active>=15s,coincident>=2",AM,2-45,211.66676816061965,846.0048272035855,34.201976505857154,132.39524439489455,0.02610940957496097,1.5193115793191665,-0.3147853306013739,,,35.08575651266935,0,0,0.9748108607407948
11,,AM,RFD97,00,EHZ,61.1981981981982,-149.9449437586522,2026-09-05T09:31:00.003000Z,2026-09-05T09:32:00.003000Z,100.0,100.0,60.0,,noise,0,Noise,"rule:rms20-45Hz>=2.5xlocal15min,active>=15s,coincident>=2",AM,2-45,234.0596482723957,896.0041727439346,17.04160224080922,91.93718139603388,0.005301121433138132,4.296595818013601,0.777399391237811,,,33.660907852170084,0,0,0.5062728051082723
12,,AM,RFD97,00,EHZ,61.1981981981982,-149.9449437586522,2026-09-05T09:33:00.003000Z,2026-09-05T09:34:00.003000Z,100.0,100.0,60.0,,noise,0,Noise,"rule:rms20-45Hz>=2.5xlocal15min,active>=15s,coincident>=2",AM,2-45,213.56004326494778,716.9961405909054,21.094529051544203,99.10735752406072,0.009756626224524577,3.2982274088378247,0.26230239141231104,,,31.86873650651401,0,0,0.6619192150034707
13,,AM,RFD97,00,EHZ,61.1981981981982,-149.9449437586522,2026-09-05T09:40:00.003000Z,2026-09-05T09:41:00.003000Z,100.0,100.0,60.0,,noise,0,Noise,"rule:rms20-45Hz>=2.5xlocal15min,active>=15s,coincident>=2",AM,2-45,322.9278057911526,4547.00211731785,62.43769817834164,946.8874435813652,0.0373837518058678,7.811886865696062,44.43301470256862,,,33.660907852170084,3,0,1.8549023826853306
14,,AM,RFD97,00,EHZ,61.1981981981982,-149.9449437586522,2026-09-05T09:41:00.003000Z,2026-09-05T09:42:00.003000Z,100.0,100.0,60.0,,noise,0,Noise,"rule:rms20-45Hz>=2.5xlocal15min,active>=15s,coincident>=2",AM,2-45,287.4771919724067,1792.9980455229927,57.033600842021166,648.4610926319306,0.03935997332884577,5.951529798852224,6.280217519769229,,,33.660907852170084,6,0,1.6943571781396345
15,,AM,RFD97,00,EHZ,61.1981981981982,-149.9449437586522,2026-09-05T09:51:00.003000Z,2026-09-05T09:52:00.003000Z,100.0,100.0,60.0,,noise,0,Noise,"rule:rms20-45Hz>=2.5xlocal15min,active>=15s,coincident>=2",AM,2-45,235.8187432171903,848.9995874744599,31.121588209499013,166.0439739590085,0.017416739771592204,3.0793347058994036,0.987104219639773,,,33.11822694740223,0,0,0.9397117864711103
16,,AM,RFD97,00,EHZ,61.1981981981982,-149.9449437586522,2026-09-05T09:53:00.003000Z,2026-09-05T09:54:00.003000Z,100.0,100.0,60.0,,aircraft,5,Aircraft,"rule:rms20-45Hz>=2.5xlocal15min,active>=15s,coincident>=2",AM,2-45,327.86198526294527,1249.0008793359632,116.24860801602837,715.4263461006587,0.12571682200729414,4.720436040452189,2.664420735500748,,,33.40823867705231,36,2,3.479638933969843
17,,AM,RFD97,00,EHZ,61.1981981981982,-149.9449437586522,2026-09-05T09:54:00.003000Z,2026-09-05T09:55:00.003000Z,100.0,100.0,60.0,,noise,0,Noise,"rule:rms20-45Hz>=2.5xlocal15min,active>=15s,coincident>=2",AM,2-45,246.23400608927778,812.0010920611531,47.6958418660719,258.4182774125539,0.037520185412738646,1.6157059252804946,0.5440363044063128,,,33.660907852170084,0,0,1.4169505491515435
18,,AM,RFD97,00,EHZ,61.1981981981982,-149.9449437586522,2026-09-05T09:57:00.003000Z,2026-09-05T09:58:00.003000Z,100.0,100.0,60.0,,noise,0,Noise,"rule:rms20-45Hz>=2.5xlocal15min,active>=15s,coincident>=2",AM,2-45,236.24964819873676,1026.00161475733,34.39662137313964,129.9767211332558,0.021197723880059905,1.6339453699640494,-0.2652941758021936,,,33.660907852170084,0,0,1.0218566155197184
19,,AM,RFD97,00,EHZ,61.1981981981982,-149.9449437586522,2026-09-05T10:05:00.003000Z,2026-09-05T10:06:00.003000Z,100.0,100.0,60.0,,noise,0,Noise,"rule:rms20-45Hz>=2.5xlocal15min,active>=15s,coincident>=2",AM,2-45,240.9563874475391,861.0036591744539,21.267194365981034,105.15101428502315,0.007790108627716843,3.2183773903606587,0.6779543333604279,,,33.11822694740223,0,0,0.6421598112651746
20,,AM,RFD97,00,EHZ,61.1981981981982,-149.9449437586522,2026-09-05T10:07:00.003000Z,2026-09-05T10:08:00.003000Z,100.0,100.0,60.0,,noise,0,Noise,"rule:rms20-45Hz>=2.5xlocal15min,active>=15s,coincident>=2",AM,2-45,287.1089708666278,1205.0040373398263,36.53597857232352,195.46778015510054,0.016193769856842895,3.3457702103963722,1.4129846110644655,,,34.03044855691171,0,0,1.073626123711582
21,,AM,RFD97,00,EHZ,61.1981981981982,-149.9449437586522,2026-09-05T10:10:00.003000Z,2026-09-05T10:11:00.003000Z,100.0,100.0,60.0,,noise,0,Noise,"rule:rms20-45Hz>=2.5xlocal15min,active>=15s,coincident>=2",AM,2-45,231.68571073065934,836.9952382095397,40.1821994115334,141.8521653804012,0.030079382084401723,1.4584401634137545,-0.3048252069458548,,,33.11822694740223,0,0,1.2132956113668174
22,,AM,RFD97,00,EHZ,61.1981981981982,-149.9449437586522,2026-09-05T10:11:00.003000Z,2026-09-05T10:12:00.003000Z,100.0,100.0,60.0,,noise,0,Noise,"rule:rms20-45Hz>=2.5xlocal15min,active>=15s,coincident>=2",AM,2-45,283.1664558733071,1192.9950587788042,45.642357397034125,236.24401978762347,0.02598080027401933,2.5545315869935026,1.1307413693095674,,,33.11822694740223,1,0,1.3781642800359601
23,,AM,RFD97,00,EHZ,61.1981981981982,-149.9449437586522,2026-09-05T10:13:00.003000Z,2026-09-05T10:14:00.003000Z,100.0,100.0,60.0,,noise,0,Noise,"rule:rms20-45Hz>=2.5xlocal15min,active>=15s,coincident>=2",AM,2-45,502.5110181928834,2112.994594147236,41.62455899911519,228.04750423097835,0.0068613269319755905,3.1437413962708485,1.0062950136352047,,,32.82687106665846,1,0,1.2680026346279571
24,,AM,RFD97,00,EHZ,61.1981981981982,-149.9449437586522,2026-09-05T10:18:00.003000Z,2026-09-05T10:19:00.003000Z,100.0,100.0,60.0,,noise,0,Noise,"rule:rms20-45Hz>=2.5xlocal15min,active>=15s,coincident>=2",AM,2-45,264.129309605829,954.0066076640761,32.46633920735731,265.12112528782865,0.015108921031025478,3.7215948096897336,3.152414373303839,,,31.786670907606972,0,0,1.0213821793960713
25,,AM,RFD97,00,EHZ,61.1981981981982,-149.9449437586522,2026-09-05T10:22:00.003000Z,2026-09-05T10:23:00.003000Z,100.0,100.0,60.0,,noise,0,Noise,"rule:rms20-45Hz>=2.5xlocal15min,active>=15s,coincident>=2",AM,2-45,316.446501469011,2595.992506191211,69.56196058840993,697.2139322633557,0.04832179190656288,5.474820036583435,10.50382439331074,,,32.46633920735731,14,0,2.1425871313710125
26,,AM,RFD97,00,EHZ,61.1981981981982,-149.9449437586522,2026-09-05T10:32:00.003000Z,2026-09-05T10:33:00.003000Z,100.0,100.0,60.0,,noise,0,Noise,"rule:rms20-45Hz>=2.5xlocal15min,active>=15s,coincident>=2",AM,2-45,228.88677116047626,823.0097849336163,26.03029184030457,145.12035610289968,0.012933518512873015,3.862290608585743,3.1797768661190258,,,31.065815832039977,0,0,0.8379078785839585
27,,AM,RFD97,00,EHZ,61.1981981981982,-149.9449437586522,2026-09-05T10:35:00.003000Z,2026-09-05T10:36:00.003000Z,100.0,100.0,60.0,,noise,0,Noise,"rule:rms20-45Hz>=2.5xlocal15min,active>=15s,coincident>=2",AM,2-45,278.8156324185385,1144.989571080532,58.46804698026492,279.0666006843542,0.04397470502062036,2.3931704534631937,1.1066718779165408,,,31.92734099165155,6,0,1.8312845719145014
28,,AM,RFD97,00,EHZ,61.1981981981982,-149.9449437586522,2026-09-05T10:37:00.003000Z,2026-09-05T10:38:00.003000Z,100.0,100.0,60.0,,noise,0,Noise,"rule:rms20-45Hz>=2.5xlocal15min,active>=15s,coincident>=2",AM,2-45,305.0102306330157,1132.0108919837878,22.426997493307866,127.17663443412141,0.0054064657451558746,2.6187002322263164,0.5093433974421964,,,35.52213765678107,0,0,0.6313526992660201
29,,AM,RFD97,00,EHZ,61.1981981981982,-149.9449437586522,2026-09-05T10:43:00.003000Z,2026-09-05T10:44:00.003000Z,100.0,100.0,60.0,,noise,0,Noise,"rule:rms20-45Hz>=2.5xlocal15min,active>=15s,coincident>=2",AM,2-45,230.95138497153488,720.9877530351222,31.065815832039977,122.72526693984183,0.018093574986072024,1.5247693631983266,0.15860625316007626,,,33.08291414076099,0,0,0.9390290014918675
30,,AM,RFD97,00,EHZ,61.1981981981982,-149.9449437586522,2026-09-05T10:45:00.003000Z,2026-09-05T10:46:00.003000Z,100.0,100.0,60.0,,noise,0,Noise,"rule:rms20-45Hz>=2.5xlocal15min,active>=15s,coincident>=2",AM,2-45,270.9645731171375,969.987222196898,20.72366126690401,91.51800268698645,0.0058493545102499605,2.8358944027991724,0.4077047602991031,,,33.08291414076099,0,0,0.6264158344313048
31,,AM,RFD97,00,EHZ,61.1981981981982,-149.9449437586522,2026-09-05T10:46:00.003000Z,2026-09-05T10:47:00.003000Z,100.0,100.0,60.0,,noise,0,Noise,"rule:rms20-45Hz>=2.5xlocal15min,active>=15s,coincident>=2",AM,2-45,281.3474979660086,956.0129838388167,31.92734099165155,153.87207608057236,0.012877732118075195,2.7264406507259547,0.8825453733349335,,,33.08291414076099,0,0,0.9650703942164008
32,,AM,RFD97,00,EHZ,61.1981981981982,-149.9449437586522,2026-09-05T10:57:00.003000Z,2026-09-05T10:58:00.003000Z,100.0,100.0,60.0,,noise,0,Noise,"rule:rms20-45Hz>=2.5xlocal15min,active>=15s,coincident>=2",AM,2-45,252.30256810954444,940.0154872301283,33.08291414076099,135.58972216553133,0.017193495268499028,1.7218202159230382,-0.3994460343737267,,,33.08291414076099,0,0,1.0
33,,AM,RFD97,00,EHZ,61.1981981981982,-149.9449437586522,2026-09-05T10:58:00.003000Z,2026-09-05T10:59:00.003000Z,100.0,100.0,60.0,,noise,0,Noise,"rule:rms20-45Hz>=2.5xlocal15min,active>=15s,coincident>=2",AM,2-45,262.15544470653407,1101.984251956939,29.86828199284834,150.96180547013208,0.01298083775755077,2.2257358101397804,0.5921335508655385,,,33.08291414076099,0,0,0.9028310464357809
34,,AM,RFD97,00,EHZ,61.1981981981982,-149.9449437586522,2026-09-05T11:10:00.003000Z,2026-09-05T11:11:00.003000Z,100.0,100.0,60.0,,noise,0,Noise,"rule:rms20-45Hz>=2.5xlocal15min,active>=15s,coincident>=2",AM,2-45,312.0527517132813,1079.0183680605226,37.739397569122964,140.7336081168161,0.014626280344947132,2.000298974991807,-0.19177434677744065,,,33.08291414076099,0,0,1.1407519122574752
35,,AM,RFD97,00,EHZ,61.1981981981982,-149.9449437586522,2026-09-05T11:14:00.003000Z,2026-09-05T11:15:00.003000Z,100.0,100.0,60.0,,noise,0,Noise,"rule:rms20-45Hz>=2.5xlocal15min,active>=15s,coincident>=2",AM,2-45,346.4376551901756,2033.0193929257623,34.91837590622018,395.9200147096726,0.010159162122689257,5.898802626828669,6.714312452789706,,,34.91837590622018,1,0,1.0
36,,AM,RFD97,00,EHZ,61.1981981981982,-149.9449437586522,2026-09-05T11:15:00.003000Z,2026-09-05T11:16:00.003000Z,100.0,100.0,60.0,,noise,0,Noise,"rule:rms20-45Hz>=2.5xlocal15min,active>=15s,coincident>=2",AM,2-45,330.55894544618064,1330.0196191445687,35.8668483828438,261.0637042950581,0.011773039609235281,3.7158453148606507,2.4915534637410612,,,35.8668483828438,0,0,1.0
37,,AM,RFD97,00,EHZ,61.1981981981982,-149.9449437586522,2026-09-05T11:17:00.003000Z,2026-09-05T11:18:00.003000Z,100.0,100.0,60.0,,noise,0,Noise,"rule:rms20-45Hz>=2.5xlocal15min,active>=15s,coincident>=2",AM,2-45,361.94057573314734,1318.9798900775857,40.55300080294511,232.03875845240057,0.012553691350848682,3.987538762899894,3.271728477291971,,,36.15421412735841,1,0,1.121667329293657
38,,AM,RFD97,00,EHZ,61.1981981981982,-149.9449437586522,2026-09-05T11:18:00.003000Z,2026-09-05T11:19:00.003000Z,100.0,100.0,60.0,,noise,0,Noise,"rule:rms20-45Hz>=2.5xlocal15min,active>=15s,coincident>=2",AM,2-45,373.0146740780148,1469.0203447037459,51.636044847667314,341.7972341335226,0.019162585465299052,3.8746552310768267,2.5371836096405165,,,36.15421412735841,2,0,1.428216491327178
39,,AM,RFD97,00,EHZ,61.1981981981982,-149.9449437586522,2026-09-05T11:21:00.003000Z,2026-09-05T11:22:00.003000Z,100.0,100.0,60.0,,noise,0,Noise,"rule:rms20-45Hz>=2.5xlocal15min,active>=15s,coincident>=2",AM,2-45,333.8414762406334,1257.9790353160495,27.153485084086615,144.42325877431054,0.006615620312742462,4.731690287442535,2.043134485173616,,,38.323856845687416,0,0,0.7085269416755531
40,,AM,RFD97,00,EHZ,61.1981981981982,-149.9449437586522,2026-09-05T11:26:00.003000Z,2026-09-05T11:27:00.003000Z,100.0,100.0,60.0,,noise,0,Noise,"rule:rms20-45Hz>=2.5xlocal15min,active>=15s,coincident>=2",AM,2-45,296.75332615145726,1086.0220594637215,37.852268002593746,137.36008491690427,0.016270189896322014,2.3131276136134593,-0.06250827839852313,,,37.852268002593746,0,0,1.0
41,,AM,RFD97,00,EHZ,61.1981981981982,-149.9449437586522,2026-09-05T11:27:00.003000Z,2026-09-05T11:28:00.003000Z,100.0,100.0,60.0,,noise,0,Noise,"rule:rms20-45Hz>=2.5xlocal15min,active>=15s,coincident>=2",AM,2-45,345.9038312761341,1298.0223221114795,38.323856845687416,183.6095525200434,0.012275174476302634,2.699014259790673,0.44615207575168414,,,36.15421412735841,0,0,1.0600107835475592
42,,AM,RFD97,00,EHZ,61.1981981981982,-149.9449437586522,2026-09-05T11:28:00.003000Z,2026-09-05T11:29:00.003000Z,100.0,100.0,60.0,,noise,0,Noise,"rule:rms20-45Hz>=2.5xlocal15min,active>=15s,coincident>=2",AM,2-45,320.3022478372299,1205.9774232299021,36.15421412735841,170.50000009756735,0.01274083462723653,3.7939289496337647,0.9242074508943987,,,35.8668483828438,0,0,1.0080120154814625
43,,AM,RFD97,00,EHZ,61.1981981981982,-149.9449437586522,2026-09-05T11:29:00.003000Z,2026-09-05T11:30:00.003000Z,100.0,100.0,60.0,,noise,0,Noise,"rule:rms20-45Hz>=2.5xlocal15min,active>=15s,coincident>=2",AM,2-45,354.9036020133806,1408.022771223474,76.23728414248122,384.17031988181213,0.04614387042039729,3.895767665794822,1.4915130644256145,,,35.5983293704109,19,0,2.1415972460170885
44,,AM,RFD97,00,EHZ,61.1981981981982,-149.9449437586522,2026-09-05T11:31:00.003000Z,2026-09-05T11:32:00.003000Z,100.0,100.0,60.0,,noise,0,Noise,"rule:rms20-45Hz>=2.5xlocal15min,active>=15s,coincident>=2",AM,2-45,378.77334062617405,2381.023288071141,57.77274095417036,639.7539379970177,0.023264147174163148,5.155219341063883,11.224904617744047,,,35.592211954829224,4,0,1.6231848986371198
45,,AM,RFD97,00,EHZ,61.1981981981982,-149.9449437586522,2026-09-05T11:35:00.003000Z,2026-09-05T11:36:00.003000Z,100.0,100.0,60.0,,aircraft,5,Aircraft,"rule:rms20-45Hz>=2.5xlocal15min,active>=15s,coincident>=2",AM,2-45,499.1149689584125,2849.975814660509,132.12434236667448,1206.8912444532316,0.07007522281900218,5.264480340361693,8.502120008330625,,,33.89675833087287,34,2,3.8978459555625644
46,,AM,RFD97,00,EHZ,61.1981981981982,-149.9449437586522,2026-09-05T11:39:00.003000Z,2026-09-05T11:40:00.003000Z,100.0,100.0,60.0,,noise,0,Noise,"rule:rms20-45Hz>=2.5xlocal15min,active>=15s,coincident>=2",AM,2-45,317.6205765299235,1223.0251133411841,35.592211954829224,228.1214572115199,0.012557196738643677,2.0435498778354515,-0.1921089728401153,,,37.852268002593746,0,0,0.9402927177940921
47,,AM,RFD97,00,EHZ,61.1981981981982,-149.9449437586522,2026-09-05T11:40:00.003000Z,2026-09-05T11:41:00.003000Z,100.0,100.0,60.0,,noise,0,Noise,"rule:rms20-45Hz>=2.5xlocal15min,active>=15s,coincident>=2",AM,2-45,283.7127807605393,930.0253793527883,35.5983293704109,113.35537838904412,0.015743505244046347,1.5863480786455688,-0.513436284940608,,,37.852268002593746,0,0,0.940454330714651
48,,AM,RFD97,00,EHZ,61.1981981981982,-149.9449437586522,2026-09-05T11:49:00.003000Z,2026-09-05T11:50:00.003000Z,100.0,100.0,60.0,,noise,0,Noise,"rule:rms20-45Hz>=2.5xlocal15min,active>=15s,coincident>=2",AM,2-45,290.3950865041717,1226.9726251587924,18.71513664160995,77.9728479079729,0.0041534355614202744,2.6301056074902873,0.444192252577567,,,35.5983293704109,0,0,0.5257307568249494
49,,AM,RFD97,00,EHZ,61.1981981981982,-149.9449437586522,2026-09-05T11:52:00.003000Z,2026-09-05T11:53:00.003000Z,100.0,100.0,60.0,,noise,0,Noise,"rule:rms20-45Hz>=2.5xlocal15min,active>=15s,coincident>=2",AM,2-45,453.8450172297402,3408.97190326927,84.6563603230841,1056.7209346782136,0.03479397459226163,5.654481538521615,16.240429147800718,,,35.5983293704109,13,0,2.3780992484846752
50,,AM,RFD97,00,EHZ,61.1981981981982,-149.9449437586522,2026-09-05T11:53:00.003000Z,2026-09-05T11:54:00.003000Z,100.0,100.0,60.0,,noise,0,Noise,"rule:rms20-45Hz>=2.5xlocal15min,active>=15s,coincident>=2",AM,2-45,329.5194321893678,1263.9715595833438,39.41726606206862,258.98108843367174,0.01430905445397866,4.431819216936387,1.7216831792477532,,,35.5983293704109,0,0,1.107278536920106
51,,AM,RFD97,00,EHZ,61.1981981981982,-149.9449437586522,2026-09-05T12:01:00.003000Z,2026-09-05T12:02:00.003000Z,100.0,100.0,60.0,,noise,0,Noise,"rule:rms20-45Hz>=2.5xlocal15min,active>=15s,coincident>=2",AM,2-45,289.9541641109249,1027.9698023547824,26.821959078649368,171.11027396832057,0.008557014952487573,3.017855553715978,1.4790826422588204,,,37.22178204093159,0,0,0.7205984670254133
52,,AM,RFD97,00,EHZ,61.1981981981982,-149.9449437586522,2026-09-05T12:02:00.003000Z,2026-09-05T12:03:00.003000Z,100.0,100.0,60.0,,noise,0,Noise,"rule:rms20-45Hz>=2.5xlocal15min,active>=15s,coincident>=2",AM,2-45,294.68319117668005,1175.0304997799687,23.159352097192876,115.75307175837303,0.006176494832471525,2.694818236545263,0.33758204914881995,,,37.22178204093159,0,0,0.6221989068584971
53,,AM,RFD97,00,EHZ,61.1981981981982,-149.9449437586522,2026-09-05T12:06:00.003000Z,2026-09-05T12:07:00.003000Z,100.0,100.0,60.0,,noise,0,Noise,"rule:rms20-45Hz>=2.5xlocal15min,active>=15s,coincident>=2",AM,2-45,564.5869353444042,2203.968756006783,87.99133774404132,382.0851861927141,0.02428947859670194,2.440958535398305,0.13625067768976606,,,39.41726606206862,9,0,2.232304432415106
54,,AM,RFD97,00,EHZ,61.1981981981982,-149.9449437586522,2026-09-05T12:07:00.003000Z,2026-09-05T12:08:00.003000Z,100.0,100.0,60.0,,aircraft,5,Aircraft,"rule:rms20-45Hz>=2.5xlocal15min,active>=15s,coincident>=2",AM,2-45,822.261303052077,2955.9685030683177,199.17014512571754,1280.9797871644068,0.05867171396442808,5.774034409620535,5.000891377557702,,,38.511500282712795,39,2,5.1717056895631215
55,,AM,RFD97,00,EHZ,61.1981981981982,-149.9449437586522,2026-09-05T12:17:00.003000Z,2026-09-05T12:18:00.003000Z,100.0,100.0,60.0,,noise,0,Noise,"rule:rms20-45Hz>=2.5xlocal15min,active>=15s,coincident>=2",AM,2-45,367.55326180527754,1410.033787253775,21.255100299140594,88.68444410477994,0.003344150043929533,2.257338029898427,0.19454408850440785,,,35.61131223681228,0,0,0.5968637200953432
56,,AM,RFD97,00,EHZ,61.1981981981982,-149.9449437586522,2026-09-05T12:18:00.003000Z,2026-09-05T12:19:00.003000Z,100.0,100.0,60.0,,noise,0,Noise,"rule:rms20-45Hz>=2.5xlocal15min,active>=15s,coincident>=2",AM,2-45,371.2590114169757,1428.0340145046723,21.69793690788569,122.30623358372473,0.003415724826225747,2.8703482015597808,1.3718228144609252,,,36.2232986183792,0,0,0.5990049977634135
57,,AM,RFD97,00,EHZ,61.1981981981982,-149.9449437586522,2026-09-05T12:21:00.003000Z,2026-09-05T12:22:00.003000Z,100.0,100.0,60.0,,noise,0,Noise,"rule:rms20-45Hz>=2.5xlocal15min,active>=15s,coincident>=2",AM,2-45,334.06477605343684,1052.0347700709065,59.98251039832276,318.1155095757565,0.03223947079040183,3.4984190819897076,2.1928054736298526,,,35.36287597241927,5,0,1.6962000049177335
58,,AM,RFD97,00,EHZ,61.1981981981982,-149.9449437586522,2026-09-05T12:22:00.003000Z,2026-09-05T12:23:00.003000Z,100.0,100.0,60.0,,noise,0,Noise,"rule:rms20-45Hz>=2.5xlocal15min,active>=15s,coincident>=2",AM,2-45,330.30945901097687,1118.9649071907695,19.175762653536655,133.74512769592357,0.0033702589437344657,5.159932327768509,2.410248615467564,,,34.95101242709343,0,0,0.5486468437369766
59,,AM,RFD97,00,EHZ,61.1981981981982,-149.9449437586522,2026-09-05T12:24:00.003000Z,2026-09-05T12:25:00.003000Z,100.0,100.0,60.0,,noise,0,Noise,"rule:rms20-45Hz>=2.5xlocal15min,active>=15s,coincident>=2",AM,2-45,309.4394168309455,1003.9644596842517,38.610870594552985,117.3954703217307,0.015569258180142409,1.5754440364674716,-0.41446897310798647,,,34.95101242709343,0,0,1.104713938547385
60,,AM,RFD97,00,EHZ,61.1981981981982,-149.9449437586522,2026-09-05T12:27:00.003000Z,2026-09-05T12:28:00.003000Z,100.0,100.0,60.0,,noise,0,Noise,"rule:rms20-45Hz>=2.5xlocal15min,active>=15s,coincident>=2",AM,2-45,327.2845919455419,1033.0361601430525,35.61131223681228,162.3629593626498,0.011839267539912473,2.2684203214426826,-0.024909068357145348,,,33.27272835620793,0,0,1.0702853055982717
61,,AM,RFD97,00,EHZ,61.1981981981982,-149.9449437586522,2026-09-05T12:29:00.003000Z,2026-09-05T12:30:00.003000Z,100.0,100.0,60.0,,noise,0,Noise,"rule:rms20-45Hz>=2.5xlocal15min,active>=15s,coincident>=2",AM,2-45,324.0311399700118,1078.963410889817,15.40084260810113,55.78023810111802,0.0022589960299924474,2.375469211141516,0.2039584478670795,,,34.5136417998148,0,0,0.4462247912703252
62,,AM,RFD97,00,EHZ,61.1981981981982,-149.9449437586522,2026-09-05T12:31:00.003000Z,2026-09-05T12:32:00.003000Z,100.0,100.0,60.0,,noise,0,Noise,"rule:rms20-45Hz>=2.5xlocal15min,active>=15s,coincident>=2",AM,2-45,345.6137295328284,1450.0371517520618,17.0828231602971,63.5701201658087,0.0024430779117954903,2.1220122784464595,0.007880161300658717,,,35.61131223681228,0,0,0.4797021532567443
63,,AM,RFD97,00,EHZ,61.1981981981982,-149.9449437586522,2026-09-05T12:32:00.003000Z,2026-09-05T12:33:00.003000Z,100.0,100.0,60.0,,noise,0,Noise,"rule:rms20-45Hz>=2.5xlocal15min,active>=15s,coincident>=2",AM,2-45,395.580146335194,1375.0372850063325,25.259780723506612,157.60035601285514,0.004077464408153121,3.9517102692654387,1.2821367753370252,,,35.61131223681228,0,0,0.7093190095195357
64,,AM,RFD97,00,EHZ,61.1981981981982,-149.9449437586522,2026-09-05T12:33:00.003000Z,2026-09-05T12:34:00.003000Z,100.0,100.0,60.0,,noise,0,Noise,"rule:rms20-45Hz>=2.5xlocal15min,active>=15s,coincident>=2",AM,2-45,390.63670059880997,1393.962493782408,70.3634613171147,338.7379979220258,0.032445039253703,3.706166558727623,1.4789266352853483,,,35.807357471254086,9,0,1.9650559629707953
65,,AM,RFD97,00,EHZ,61.1981981981982,-149.9449437586522,2026-09-05T12:34:00.003000Z,2026-09-05T12:35:00.003000Z,100.0,100.0,60.0,,noise,0,Noise,"rule:rms20-45Hz>=2.5xlocal15min,active>=15s,coincident>=2",AM,2-45,359.28614663496074,1399.9622938627797,51.35278518997059,316.51070363581607,0.020428997830184408,3.0367281213080384,1.8341036839361031,,,36.91000672859556,2,0,1.3912970964100548
66,,AM,RFD97,00,EHZ,61.1981981981982,-149.9449437586522,2026-09-05T12:35:00.003000Z,2026-09-05T12:36:00.003000Z,100.0,100.0,60.0,,noise,0,Noise,"rule:rms20-45Hz>=2.5xlocal15min,active>=15s,coincident>=2",AM,2-45,327.65824392990413,1202.9621465415073,34.5136417998148,184.72880505590996,0.011095308350262166,1.6901109566861747,1.4674115497750115,,,36.91000672859556,0,0,0.935075467571665
67,,AM,RFD97,00,EHZ,61.1981981981982,-149.9449437586522,2026-09-05T12:36:00.003000Z,2026-09-05T12:37:00.003000Z,100.0,100.0,60.0,,noise,0,Noise,"rule:rms20-45Hz>=2.5xlocal15min,active>=15s,coincident>=2",AM,2-45,313.6082181653002,1207.0382888092902,20.722964083241617,94.4734602869695,0.004366453893571883,2.0697973173201696,0.508923557442162,,,36.91000672859556,0,0,0.5614456869547727
68,,AM,RFD97,00,EHZ,61.1981981981982,-149.9449437586522,2026-09-05T12:46:00.003000Z,2026-09-05T12:47:00.003000Z,100.0,100.0,60.0,,aircraft,5,Aircraft,"rule:rms20-45Hz>=2.5xlocal15min,active>=15s,coincident>=2",AM,2-45,384.87892988255663,1454.9596079444634,108.34266294623562,791.0179312584881,0.07924114439840921,5.451412353343416,4.598711111206986,,,36.91000672859556,21,2,2.935319512209639
69,,AM,RFD97,00,EHZ,61.1981981981982,-149.9449437586522,2026-09-05T12:47:00.003000Z,2026-09-05T12:48:00.003000Z,100.0,100.0,60.0,,noise,0,Noise,"rule:rms20-45Hz>=2.5xlocal15min,active>=15s,coincident>=2",AM,2-45,324.38450382856513,1139.0407238915398,53.886905831434945,239.4622061748455,0.027596010137922043,2.7953707451982943,0.543079887483036,,,36.91000672859556,0,0,1.459953833866054
70,,AM,RFD97,00,EHZ,61.1981981981982,-149.9449437586522,2026-09-05T12:48:00.003000Z,2026-09-05T12:49:00.003000Z,100.0,100.0,60.0,,noise,0,Noise,"rule:rms20-45Hz>=2.5xlocal15min,active>=15s,coincident>=2",AM,2-45,294.5861688234385,1037.0408814190343,47.980624925532226,284.54412626403223,0.026528158008018547,2.783000874050373,1.219686857230795,,,36.91000672859556,0,0,1.2999354153018845
71,,AM,RFD97,00,EHZ,61.1981981981982,-149.9449437586522,2026-09-05T12:49:00.003000Z,2026-09-05T12:50:00.003000Z,100.0,100.0,60.0,,noise,0,Noise,"rule:rms20-45Hz>=2.5xlocal15min,active>=15s,coincident>=2",AM,2-45,291.6690880590639,946.9587468757126,28.468238359262493,135.76231844230816,0.009526653715904316,2.2735900223117063,0.5006909328676015,,,35.807357471254086,0,0,0.79503879564742
72,,AM,RFD97,00,EHZ,61.1981981981982,-149.9449437586522,2026-09-05T12:50:00.003000Z,2026-09-05T12:51:00.003000Z,100.0,100.0,60.0,,noise,0,Noise,"rule:rms20-45Hz>=2.5xlocal15min,active>=15s,coincident>=2",AM,2-45,301.44332875448174,1007.9586943155808,23.942939821655106,99.04724070224103,0.0063087540141794915,1.8649656494104154,0.0893904919735955,,,35.807357471254086,0,0,0.6686597814674357
73,,AM,RFD97,00,EHZ,61.1981981981982,-149.9449437586522,2026-09-05T12:53:00.003000Z,2026-09-05T12:54:00.003000Z,100.0,100.0,60.0,,noise,0,Noise,"rule:rms20-45Hz>=2.5xlocal15min,active>=15s,coincident>=2",AM,2-45,341.54938918560777,1308.957915584662,41.36290182251307,158.2095271978361,0.014666111159812529,3.241533583408045,0.10332717789705503,,,34.355669140097625,0,0,1.2039614671407193
74,,AM,RFD97,00,EHZ,61.1981981981982,-149.9449437586522,2026-09-05T12:56:00.003000Z,2026-09-05T12:57:00.003000Z,100.0,100.0,60.0,,noise,0,Noise,"rule:rms20-45Hz>=2.5xlocal15min,active>=15s,coincident>=2",AM,2-45,307.56002341312023,1229.0427136843502,46.17302786178352,208.15120951749807,0.02253808120563936,2.1868605641897263,0.2691109093166286,,,35.807357471254086,0,0,1.2894843719995512
75,,AM,RFD97,00,EHZ,61.1981981981982,-149.9449437586522,2026-09-05T12:58:00.003000Z,2026-09-05T12:59:00.003000Z,100.0,100.0,60.0,,noise,0,Noise,"rule:rms20-45Hz>=2.5xlocal15min,active>=15s,coincident>=2",AM,2-45,366.3496670893087,1457.043276326229,57.471158980440784,375.09149972783894,0.024609812690396155,3.1189251897983934,2.7715259625978534,,,34.355669140097625,8,0,1.672828980453893
76,,AM,RFD97,00,EHZ,61.1981981981982,-149.9449437586522,2026-09-05T14:54:00.003000Z,2026-09-05T14:55:00.003000Z,100.0,100.0,60.0,,aircraft,5,Aircraft,"rule:rms20-45Hz>=2.5xlocal15min,active>=15s,coincident>=2",AM,2-45,726.3300604052075,2722.930050343264,186.01498684658847,1064.1981008670796,0.06558852051351342,4.760161979677116,3.174144848064981,,,67.43845115991057,22,2,2.7582926898114595
77,,AM,RFD97,00,EHZ,61.1981981981982,-149.9449437586522,2026-09-06T00:37:00.003000Z,2026-09-06T00:38:00.003000Z,100.0,100.0,60.0,,aircraft,5,Aircraft,"rule:rms20-45Hz>=2.5xlocal15min,active>=15s,coincident>=2",AM,2-45,926.2419942661371,4581.203628650244,218.78666333893645,1259.6054064039422,0.055794675418627225,5.816876890813193,1.7626038294484179,,,65.3861530421129,39,2,3.3460702787947127
78,,AM,R9286,00,EHZ,61.1981981981982,-149.9555513371914,2026-09-05T08:50:00.002000Z,2026-09-05T08:51:00.002000Z,100.0,100.0,60.0,,aircraft,5,Aircraft,"rule:rms20-45Hz>=2.5xlocal15min,active>=15s,coincident>=2",AM,2-45,695.3537239139329,3573.1269855005553,518.5622648485318,2868.421799764303,0.5561478355414664,3.8554484708956043,2.872526834226515,,,85.96362428662776,49,2,6.032345298977788
79,,AM,R9286,00,EHZ,61.1981981981982,-149.9555513371914,2026-09-05T08:57:00.002000Z,2026-09-05T08:58:00.002000Z,100.0,100.0,60.0,,aircraft,5,Aircraft,"rule:rms20-45Hz>=2.5xlocal15min,active>=15s,coincident>=2",AM,2-45,600.5540189932716,3048.8720290501847,440.46078873761985,2358.324167787787,0.5379109052243441,4.5684550367488335,1.7550627140418218,,,68.90562277725374,51,2,6.3922328974729075
80,,AM,R9286,00,EHZ,61.1981981981982,-149.9555513371914,2026-09-05T09:03:00.002000Z,2026-09-05T09:04:00.002000Z,100.0,100.0,60.0,,noise,0,Noise,"rule:rms20-45Hz>=2.5xlocal15min,active>=15s,coincident>=2",AM,2-45,209.99653058931355,932.1288260429424,49.14044844102588,180.9205512612396,0.054758808713387196,1.6046417052977269,0.022837160703503834,,,65.16367438437405,0,0,0.7541080042719251
81,,AM,R9286,00,EHZ,61.1981981981982,-149.9555513371914,2026-09-05T09:08:00.002000Z,2026-09-05T09:09:00.002000Z,100.0,100.0,60.0,,noise,0,Noise,"rule:rms20-45Hz>=2.5xlocal15min,active>=15s,coincident>=2",AM,2-45,192.83559126319184,724.870441441803,48.59513323479427,192.93231357537763,0.06350547471133276,1.717293627110004,-0.08302186614549445,,,57.34325478495236,0,0,0.8474428843816917
82,,AM,R9286,00,EHZ,61.1981981981982,-149.9555513371914,2026-09-05T09:10:00.002000Z,2026-09-05T09:11:00.002000Z,100.0,100.0,60.0,,noise,0,Noise,"rule:rms20-45Hz>=2.5xlocal15min,active>=15s,coincident>=2",AM,2-45,586.7935964571029,2055.8702141151375,52.85195201945981,276.38241587075345,0.008112436911600273,2.770970547761054,0.37633025416000576,,,55.979056637439726,0,0,0.9441379543382934
83,,AM,R9286,00,EHZ,61.1981981981982,-149.9555513371914,2026-09-05T09:12:00.002000Z,2026-09-05T09:13:00.002000Z,100.0,100.0,60.0,,noise,0,Noise,"rule:rms20-45Hz>=2.5xlocal15min,active>=15s,coincident>=2",AM,2-45,188.10018026450328,724.869951645735,39.70382230360472,129.73475853068123,0.04455395003410246,1.4195697382789039,-0.07692051592614524,,,49.14044844102588,0,0,0.8079662185267563
84,,AM,R9286,00,EHZ,61.1981981981982,-149.9555513371914,2026-09-05T09:13:00.002000Z,2026-09-05T09:14:00.002000Z,100.0,100.0,60.0,,noise,0,Noise,"rule:rms20-45Hz>=2.5xlocal15min,active>=15s,coincident>=2",AM,2-45,190.63954739391065,689.1302115805734,45.353978179906285,198.65052750138463,0.05659848117870754,2.1261421737998045,0.3341884928572152,,,48.72282702407535,0,0,0.9308568683318721
85,,AM,R9286,00,EHZ,61.1981981981982,-149.9555513371914,2026-09-05T09:15:00.002000Z,2026-09-05T09:16:00.002000Z,100.0,100.0,60.0,,aircraft,5,Aircraft,"rule:rms20-45Hz>=2.5xlocal15min,active>=15s,coincident>=2",AM,2-45,455.5940683440801,2589.869452548552,307.8271253254652,2179.1564388115094,0.45651773209041463,4.2111171587644955,5.866949843389651,,,48.72282702407535,28,2,6.317924146178114
86,,AM,R9286,00,EHZ,61.1981981981982,-149.9555513371914,2026-09-05T09:16:00.002000Z,2026-09-05T09:17:00.002000Z,100.0,100.0,60.0,,aircraft,5,Aircraft,"rule:rms20-45Hz>=2.5xlocal15min,active>=15s,coincident>=2",AM,2-45,406.7336345557594,1799.1306156283604,239.81984313698797,1200.7324803426445,0.34765626015120976,2.2930504111994274,1.5565676313331531,,,48.90810938189791,46,2,4.903478097351094
87,,AM,R9286,00,EHZ,61.1981981981982,-149.9555513371914,2026-09-05T09:23:00.002000Z,2026-09-05T09:24:00.002000Z,100.0,100.0,60.0,,noise,0,Noise,"rule:rms20-45Hz>=2.5xlocal15min,active>=15s,coincident>=2",AM,2-45,316.4907673046416,2014.868395384678,74.52970060129381,445.55493145803814,0.0554544832467575,3.3901668814779433,1.6951362049744736,,,57.722429229922625,1,0,1.2911740132145806
88,,AM,R9286,00,EHZ,61.1981981981982,-149.9555513371914,2026-09-05T09:25:00.002000Z,2026-09-05T09:26:00.002000Z,100.0,100.0,60.0,,noise,0,Noise,"rule:rms20-45Hz>=2.5xlocal15min,active>=15s,coincident>=2",AM,2-45,195.85750169742886,842.8681146176209,45.623343370738496,163.0180581072854,0.054261749889144284,1.4902382065463247,0.047735766427108306,,,57.34325478495236,0,0,0.7956183084101929
89,,AM,R9286,00,EHZ,61.1981981981982,-149.9555513371914,2026-09-05T09:27:00.002000Z,2026-09-05T09:28:00.002000Z,100.0,100.0,60.0,,noise,0,Noise,"rule:rms20-45Hz>=2.5xlocal15min,active>=15s,coincident>=2",AM,2-45,180.73747916312513,673.1321996756119,45.69317091303821,156.59703315547662,0.06391549449612792,1.660294087707972,-0.21395851522013887,,,58.24238673603833,0,0,0.7845346572097962
90,,AM,R9286,00,EHZ,61.1981981981982,-149.9555513371914,2026-09-05T09:32:00.002000Z,2026-09-05T09:33:00.002000Z,100.0,100.0,60.0,,noise,0,Noise,"rule:rms20-45Hz>=2.5xlocal15min,active>=15s,coincident>=2",AM,2-45,187.01600387359304,738.1329342291424,61.15144711223964,241.30947888168458,0.10691925696492058,1.4693415317506946,-0.272445329182081,,,58.86554744478776,0,0,1.0388325559971376
91,,AM,R9286,00,EHZ,61.1981981981982,-149.9555513371914,2026-09-05T09:50:00.002000Z,2026-09-05T09:51:00.002000Z,100.0,100.0,60.0,,noise,0,Noise,"rule:rms20-45Hz>=2.5xlocal15min,active>=15s,coincident>=2",AM,2-45,231.32404195246949,1158.1354526749706,70.86083832122462,265.072075161949,0.09383633295339205,2.4577622797110945,0.21541779822791485,,,70.83997689164751,0,0,1.0002944866795909
92,,AM,R9286,00,EHZ,61.1981981981982,-149.9555513371914,2026-09-05T09:52:00.002000Z,2026-09-05T09:53:00.002000Z,100.0,100.0,60.0,,noise,0,Noise,"rule:rms20-45Hz>=2.5xlocal15min,active>=15s,coincident>=2",AM,2-45,267.89582896846247,1483.8642362180767,102.27915375824969,766.7264614879962,0.14576133874737893,3.8563516946798106,2.7690096043003853,,,70.83997689164751,1,0,1.4438055776710603
93,,AM,R9286,00,EHZ,61.1981981981982,-149.9555513371914,2026-09-05T09:53:00.002000Z,2026-09-05T09:54:00.002000Z,100.0,100.0,60.0,,aircraft,5,Aircraft,"rule:rms20-45Hz>=2.5xlocal15min,active>=15s,coincident>=2",AM,2-45,499.9861479240851,3242.864087681432,309.21628443134847,1560.9501369484854,0.3824800345064489,4.684653879154087,2.5518156824278515,,,70.83997689164751,40,2,4.364996969215656
94,,AM,R9286,00,EHZ,61.1981981981982,-149.9555513371914,2026-09-05T09:58:00.002000Z,2026-09-05T09:59:00.002000Z,100.0,100.0,60.0,,noise,0,Noise,"rule:rms20-45Hz>=2.5xlocal15min,active>=15s,coincident>=2",AM,2-45,177.27500543049976,702.8634262950841,50.08318985128742,193.06455044923342,0.07981581430656354,1.7427086671124612,0.09820817818096561,,,75.31799717306708,0,0,0.6649564742966457
95,,AM,R9286,00,EHZ,61.1981981981982,-149.9555513371914,2026-09-05T10:00:00.002000Z,2026-09-05T10:01:00.002000Z,100.0,100.0,60.0,,noise,0,Noise,"rule:rms20-45Hz>=2.5xlocal15min,active>=15s,coincident>=2",AM,2-45,233.78643499361,1082.1367768768064,82.79310314735784,546.8383088779449,0.12541506403784614,4.485148357590543,3.5295389788697067,,,74.23250377823078,1,0,1.1153214418673227
96,,AM,R9286,00,EHZ,61.1981981981982,-149.9555513371914,2026-09-05T10:01:00.002000Z,2026-09-05T10:02:00.002000Z,100.0,100.0,60.0,,noise,0,Noise,"rule:rms20-45Hz>=2.5xlocal15min,active>=15s,coincident>=2",AM,2-45,182.92269495962776,626.1369357219878,47.42486806526557,190.94599510685737,0.06721668351646037,1.6586660630123562,-0.024845305686691965,,,74.23250377823078,0,0,0.6388693045696953
97,,AM,R9286,00,EHZ,61.1981981981982,-149.9555513371914,2026-09-05T10:07:00.002000Z,2026-09-05T10:08:00.002000Z,100.0,100.0,60.0,,noise,0,Noise,"rule:rms20-45Hz>=2.5xlocal15min,active>=15s,coincident>=2",AM,2-45,208.66100056951183,936.862183366688,76.18234993657052,347.09765101827526,0.13329877508242002,2.408026092750899,0.31495370481174056,,,68.55824225736586,0,0,1.1112062886703535
98,,AM,R9286,00,EHZ,61.1981981981982,-149.9555513371914,2026-09-05T10:10:00.002000Z,2026-09-05T10:11:00.002000Z,100.0,100.0,60.0,,noise,0,Noise,"rule:rms20-45Hz>=2.5xlocal15min,active>=15s,coincident>=2",AM,2-45,202.29237608910447,771.861780818323,64.81366747112547,243.1102359556295,0.10265359473067324,1.859371951178788,0.042522030252084786,,,59.866795177145534,0,0,1.0826313197381314
99,,AM,R9286,00,EHZ,61.1981981981982,-149.9555513371914,2026-09-05T10:13:00.002000Z,2026-09-05T10:14:00.002000Z,100.0,100.0,60.0,,noise,0,Noise,"rule:rms20-45Hz>=2.5xlocal15min,active>=15s,coincident>=2",AM,2-45,541.7242018893243,3457.861313396465,102.38405019193003,544.3435329360892,0.03571972729945621,3.216768624285724,2.807183113533804,,,59.866795177145534,10,0,1.7101976126995968
100,,AM,R9286,00,EHZ,61.1981981981982,-149.9555513371914,2026-09-05T10:16:00.002000Z,2026-09-05T10:17:00.002000Z,100.0,100.0,60.0,,noise,0,Noise,"rule:rms20-45Hz>=2.5xlocal15min,active>=15s,coincident>=2",AM,2-45,229.42139722152808,924.1391049426998,83.05497872015769,448.308243037863,0.13105798964565235,2.198900521778821,0.9032017782416863,,,59.836181128264805,1,0,1.3880394295571952
101,,AM,R9286,00,EHZ,61.1981981981982,-149.9555513371914,2026-09-05T10:23:00.002000Z,2026-09-05T10:24:00.002000Z,100.0,100.0,60.0,,noise,0,Noise,"rule:rms20-45Hz>=2.5xlocal15min,active>=15s,coincident>=2",AM,2-45,186.40005581078586,697.8599492021899,46.160933954848836,173.67880823390092,0.061327759409777936,1.6601070781190392,-0.04339237272273122,,,63.0904714899775,0,0,0.7316625294547359
102,,AM,R9286,00,EHZ,61.1981981981982,-149.9555513371914,2026-09-05T10:25:00.002000Z,2026-09-05T10:26:00.002000Z,100.0,100.0,60.0,,noise,0,Noise,"rule:rms20-45Hz>=2.5xlocal15min,active>=15s,coincident>=2",AM,2-45,181.04089758685944,624.8597054052957,38.01359674040101,161.5054978994356,0.04408842030400125,1.5351761948018465,0.03102537491644819,,,59.866795177145534,0,0,0.6349696292898088
103,,AM,R9286,00,EHZ,61.1981981981982,-149.9555513371914,2026-09-05T10:28:00.002000Z,2026-09-05T10:29:00.002000Z,100.0,100.0,60.0,,noise,0,Noise,"rule:rms20-45Hz>=2.5xlocal15min,active>=15s,coincident>=2",AM,2-45,203.22849156476096,724.1407892404709,53.016571346543195,243.05325170147213,0.06805406764312101,2.0375748698613356,0.019040645738723327,,,59.088863925819076,0,0,0.8972345688199537
104,,AM,R9286,00,EHZ,61.1981981981982,-149.9555513371914,2026-09-05T10:32:00.002000Z,2026-09-05T10:33:00.002000Z,100.0,100.0,60.0,,noise,0,Noise,"rule:rms20-45Hz>=2.5xlocal15min,active>=15s,coincident>=2",AM,2-45,196.33548317180637,827.8586314666177,63.22891120414243,362.5758238882445,0.10371314777881123,3.0380281452801223,2.267811874350093,,,54.3714849824979,2,0,1.162905725758561
105,,AM,R9286,00,EHZ,61.1981981981982,-149.9555513371914,2026-09-05T10:37:00.002000Z,2026-09-05T10:38:00.002000Z,100.0,100.0,60.0,,noise,0,Noise,"rule:rms20-45Hz>=2.5xlocal15min,active>=15s,coincident>=2",AM,2-45,273.10217882931005,1200.142084390976,63.17704798441372,328.71154624764984,0.05351411262982989,2.866726693425718,0.7018094681962359,,,57.00238734437812,0,0,1.108322842738701
106,,AM,R9286,00,EHZ,61.1981981981982,-149.9555513371914,2026-09-05T10:50:00.002000Z,2026-09-05T10:51:00.002000Z,100.0,100.0,60.0,,noise,0,Noise,"rule:rms20-45Hz>=2.5xlocal15min,active>=15s,coincident>=2",AM,2-45,269.05510537021735,1136.1438302822567,137.52118718212768,816.9203714829724,0.2612502719014427,3.6980336409555425,1.750929738959142,,,58.33337297957932,18,0,2.3575044637015847
107,,AM,R9286,00,EHZ,61.1981981981982,-149.9555513371914,2026-09-05T10:53:00.002000Z,2026-09-05T10:54:00.002000Z,100.0,100.0,60.0,,noise,0,Noise,"rule:rms20-45Hz>=2.5xlocal15min,active>=15s,coincident>=2",AM,2-45,240.19066325718484,1419.855648082354,116.25579214368744,962.779077204503,0.23427015051867178,3.9982230668941323,8.971585084311489,,,54.142473277454485,7,0,2.147219827729917
108,,AM,R9286,00,EHZ,61.1981981981982,-149.9555513371914,2026-09-05T11:02:00.002000Z,2026-09-05T11:03:00.002000Z,100.0,100.0,60.0,,noise,0,Noise,"rule:rms20-45Hz>=2.5xlocal15min,active>=15s,coincident>=2",AM,2-45,220.4505866015125,800.1455650918574,44.623360759284864,188.18798020514294,0.04097340284100419,1.9796397419617053,0.10523277361169825,,,61.579280223496376,0,0,0.7246489500580139
109,,AM,R9286,00,EHZ,61.1981981981982,-149.9555513371914,2026-09-05T11:03:00.002000Z,2026-09-05T11:04:00.002000Z,100.0,100.0,60.0,,noise,0,Noise,"rule:rms20-45Hz>=2.5xlocal15min,active>=15s,coincident>=2",AM,2-45,210.08252284535982,756.1457595952047,44.21180640896483,182.9841985658454,0.044289081240663636,1.6443745750159744,0.05363572170073594,,,62.470080496180415,0,0,0.7077277003295691
110,,AM,R9286,00,EHZ,61.1981981981982,-149.9555513371914,2026-09-05T11:17:00.002000Z,2026-09-05T11:18:00.002000Z,100.0,100.0,60.0,,noise,0,Noise,"rule:rms20-45Hz>=2.5xlocal15min,active>=15s,coincident>=2",AM,2-45,315.4476935847874,1510.8522729268338,108.28591385079818,860.860477573011,0.11783904636398415,4.206202880485294,6.268722802398216,,,82.7097263096738,4,0,1.3092282937240596
111,,AM,R9286,00,EHZ,61.1981981981982,-149.9555513371914,2026-09-05T11:18:00.002000Z,2026-09-05T11:19:00.002000Z,100.0,100.0,60.0,,noise,0,Noise,"rule:rms20-45Hz>=2.5xlocal15min,active>=15s,coincident>=2",AM,2-45,408.91604565309274,1833.8522080767657,199.35137889442817,1055.017200502756,0.23766771085885277,3.8894947622591376,1.971817812652982,,,82.7097263096738,19,0,2.4102531562979173
112,,AM,R9286,00,EHZ,61.1981981981982,-149.9555513371914,2026-09-05T11:19:00.002000Z,2026-09-05T11:20:00.002000Z,100.0,100.0,60.0,,noise,0,Noise,"rule:rms20-45Hz>=2.5xlocal15min,active>=15s,coincident>=2",AM,2-45,250.57907516218003,1007.1478910023284,65.12874423070168,302.22373533451105,0.06755473659274039,1.8430576013447444,0.48610595315162364,,,87.88070703635294,0,0,0.7411040082297059
113,,AM,R9286,00,EHZ,61.1981981981982,-149.9555513371914,2026-09-05T11:24:00.002000Z,2026-09-05T11:25:00.002000Z,100.0,100.0,60.0,,noise,0,Noise,"rule:rms20-45Hz>=2.5xlocal15min,active>=15s,coincident>=2",AM,2-45,299.65829258341523,1894.8513280088669,126.35339978354385,743.2367219534606,0.1777957038123068,2.6628542208026813,0.6325801742903057,,,109.57288806488563,0,0,1.1531447424176802
114,,AM,R9286,00,EHZ,61.1981981981982,-149.9555513371914,2026-09-05T11:25:00.002000Z,2026-09-05T11:26:00.002000Z,100.0,100.0,60.0,,noise,0,Noise,"rule:rms20-45Hz>=2.5xlocal15min,active>=15s,coincident>=2",AM,2-45,283.45550082745956,1338.8512417920106,125.79175862419953,602.2884246966065,0.1969403015918251,2.241570930525541,0.19461935381933326,,,109.57288806488563,0,0,1.1480190113243123
115,,AM,R9286,00,EHZ,61.1981981981982,-149.9555513371914,2026-09-05T11:30:00.002000Z,2026-09-05T11:31:00.002000Z,100.0,100.0,60.0,,noise,0,Noise,"rule:rms20-45Hz>=2.5xlocal15min,active>=15s,coincident>=2",AM,2-45,378.53727720348843,1613.1494752604372,209.84529792088256,1011.4292601251198,0.307313172941742,2.247450935643527,0.5385241876105149,,,108.28591385079818,6,0,1.9378817655823457
116,,AM,R9286,00,EHZ,61.1981981981982,-149.9555513371914,2026-09-05T11:33:00.002000Z,2026-09-05T11:34:00.002000Z,100.0,100.0,60.0,,noise,0,Noise,"rule:rms20-45Hz>=2.5xlocal15min,active>=15s,coincident>=2",AM,2-45,229.15446521605332,822.8500928352992,34.92461703936282,150.12398156686177,0.02322772399855679,1.995287690811141,0.1671591525220335,,,106.94422444210518,0,0,0.3265685194460356
117,,AM,R9286,00,EHZ,61.1981981981982,-149.9555513371914,2026-09-05T11:36:00.002000Z,2026-09-05T11:37:00.002000Z,100.0,100.0,60.0,,aircraft,5,Aircraft,"rule:rms20-45Hz>=2.5xlocal15min,active>=15s,coincident>=2",AM,2-45,423.3571849347967,1764.1503014662335,285.0462455019851,1419.8015383573031,0.4533324220630085,2.6971221559221754,0.8648706461493156,,,109.57288806488563,27,2,2.6014304317066976
118,,AM,R9286,00,EHZ,61.1981981981982,-149.9555513371914,2026-09-05T11:44:00.002000Z,2026-09-05T11:45:00.002000Z,100.0,100.0,60.0,,noise,0,Noise,"rule:rms20-45Hz>=2.5xlocal15min,active>=15s,coincident>=2",AM,2-45,252.04267147999442,882.8485256331373,43.9338677854262,206.54671714046856,0.03038440449920177,2.4338934387824365,0.4779940631995774,,,50.1484366685104,0,0,0.8760765181143424
119,,AM,R9286,00,EHZ,61.1981981981982,-149.9555513371914,2026-09-05T11:45:00.002000Z,2026-09-05T11:46:00.002000Z,100.0,100.0,60.0,,noise,0,Noise,"rule:rms20-45Hz>=2.5xlocal15min,active>=15s,coincident>=2",AM,2-45,226.84242367795713,755.8484081626743,33.151015731273,207.09548705105274,0.021357239674051082,3.1378994522483827,0.8726470299286953,,,50.1484366685104,0,0,0.6610578102445503
120,,AM,R9286,00,EHZ,61.1981981981982,-149.9555513371914,2026-09-05T11:48:00.002000Z,2026-09-05T11:49:00.002000Z,100.0,100.0,60.0,,noise,0,Noise,"rule:rms20-45Hz>=2.5xlocal15min,active>=15s,coincident>=2",AM,2-45,268.4222586333417,924.1519804925915,33.32100414078952,128.99403739347224,0.015409874731515175,1.6123263927727827,0.004819660283466476,,,47.029187314508945,0,0,0.7085175407764207
121,,AM,R9286,00,EHZ,61.1981981981982,-149.9555513371914,2026-09-05T11:49:00.002000Z,2026-09-05T11:50:00.002000Z,100.0,100.0,60.0,,noise,0,Noise,"rule:rms20-45Hz>=2.5xlocal15min,active>=15s,coincident>=2",AM,2-45,246.8955037293242,1018.847838990871,46.39378806650915,207.8781990698106,0.03530964136706724,2.4121876964154154,0.7648575074436526,,,47.029187314508945,0,0,0.9864892573254447
122,,AM,R9286,00,EHZ,61.1981981981982,-149.9555513371914,2026-09-05T11:55:00.002000Z,2026-09-05T11:56:00.002000Z,100.0,100.0,60.0,,noise,0,Noise,"rule:rms20-45Hz>=2.5xlocal15min,active>=15s,coincident>=2",AM,2-45,271.8869667915692,918.8470492632373,35.64095429341474,131.1244572767267,0.01718390520720414,1.4931269507834168,-0.03154585317483516,,,46.39378806650915,0,0,0.768226863525794
123,,AM,R9286,00,EHZ,61.1981981981982,-149.9555513371914,2026-09-05T12:01:00.002000Z,2026-09-05T12:02:00.002000Z,100.0,100.0,60.0,,noise,0,Noise,"rule:rms20-45Hz>=2.5xlocal15min,active>=15s,coincident>=2",AM,2-45,261.02889397006567,879.8461690079098,40.09636259213889,176.63875761287136,0.023595695714172586,1.6639817091291078,0.3094678973524876,,,50.1484366685104,0,0,0.7995535904176353
124,,AM,R9286,00,EHZ,61.1981981981982,-149.9555513371914,2026-09-05T12:02:00.002000Z,2026-09-05T12:03:00.002000Z,100.0,100.0,60.0,,noise,0,Noise,"rule:rms20-45Hz>=2.5xlocal15min,active>=15s,coincident>=2",AM,2-45,254.15169445400625,903.154024886298,47.029187314508945,193.017170315957,0.03424119626370908,2.0980910235687125,0.3288736059817676,,,50.1484366685104,0,0,0.9377996691178986
125,,AM,R9286,00,EHZ,61.1981981981982,-149.9555513371914,2026-09-05T12:07:00.002000Z,2026-09-05T12:08:00.002000Z,100.0,100.0,60.0,,aircraft,5,Aircraft,"rule:rms20-45Hz>=2.5xlocal15min,active>=15s,coincident>=2",AM,2-45,501.16941809177894,2028.8453521266533,151.25376039995146,760.0991394204863,0.09108423966466345,2.782152146365256,1.7103730526655836,,,51.910174738760574,30,2,2.913759415396698
126,,AM,R9286,00,EHZ,61.1981981981982,-149.9555513371914,2026-09-05T12:12:00.002000Z,2026-09-05T12:13:00.002000Z,100.0,100.0,60.0,,noise,0,Noise,"rule:rms20-45Hz>=2.5xlocal15min,active>=15s,coincident>=2",AM,2-45,255.41313397599004,1138.155362770372,49.201792566847566,313.10828406065326,0.03710867086809433,3.2122376536038786,2.2549391958065508,,,55.32126582219749,0,0,0.8893829856493539
127,,AM,R9286,00,EHZ,61.1981981981982,-149.9555513371914,2026-09-05T12:15:00.002000Z,2026-09-05T12:16:00.002000Z,100.0,100.0,60.0,,noise,0,Noise,"rule:rms20-45Hz>=2.5xlocal15min,active>=15s,coincident>=2",AM,2-45,299.61337870891623,1141.8442081133549,67.67710906142864,334.5805077506669,0.05102243644926878,3.2552234828136695,0.9437257932468452,,,49.83881965043689,1,0,1.3579195802811388
128,,AM,R9286,00,EHZ,61.1981981981982,-149.9555513371914,2026-09-05T12:17:00.002000Z,2026-09-05T12:18:00.002000Z,100.0,100.0,60.0,,noise,0,Noise,"rule:rms20-45Hz>=2.5xlocal15min,active>=15s,coincident>=2",AM,2-45,324.6813343811583,1815.843940747393,49.83881965043689,228.81236328374501,0.02356247203558206,2.2610154323647014,0.5582769034143955,,,49.83881965043689,0,0,1.0
129,,AM,R9286,00,EHZ,61.1981981981982,-149.9555513371914,2026-09-05T12:18:00.002000Z,2026-09-05T12:19:00.002000Z,100.0,100.0,60.0,,noise,0,Noise,"rule:rms20-45Hz>=2.5xlocal15min,active>=15s,coincident>=2",AM,2-45,283.73684208964096,1084.843803081571,43.658653781946434,158.79210336242303,0.02367604836370127,1.7810409960207043,0.011938449898219794,,,51.910174738760574,0,0,0.8410423197698688
130,,AM,R9286,00,EHZ,61.1981981981982,-149.9555513371914,2026-09-05T12:31:00.002000Z,2026-09-05T12:32:00.002000Z,100.0,100.0,60.0,,noise,0,Noise,"rule:rms20-45Hz>=2.5xlocal15min,active>=15s,coincident>=2",AM,2-45,333.25624349243213,1945.8419013205316,45.55889559297227,326.95663548073486,0.018689160175568407,4.964321629156036,3.141901087006568,,,59.29039385812593,0,0,0.7684026471807335
131,,AM,R9286,00,EHZ,61.1981981981982,-149.9555513371914,2026-09-05T12:36:00.002000Z,2026-09-05T12:37:00.002000Z,100.0,100.0,60.0,,noise,0,Noise,"rule:rms20-45Hz>=2.5xlocal15min,active>=15s,coincident>=2",AM,2-45,280.0490163023677,1027.8412973105592,59.29039385812593,321.4515313044645,0.044822963582091875,2.2793259100120644,0.4824620580291059,,,77.19102402023022,0,0,0.768099589436553
132,,AM,R9286,00,EHZ,61.1981981981982,-149.9555513371914,2026-09-05T12:42:00.002000Z,2026-09-05T12:43:00.002000Z,100.0,100.0,60.0,,noise,0,Noise,"rule:rms20-45Hz>=2.5xlocal15min,active>=15s,coincident>=2",AM,2-45,298.0203712043119,1226.84033285323,77.19102402023022,420.0826074174459,0.0670875144811796,3.4105881144827217,0.9987572227631274,,,79.7850430551618,0,0,0.9674874019540464
133,,AM,R9286,00,EHZ,61.1981981981982,-149.9555513371914,2026-09-05T12:43:00.002000Z,2026-09-05T12:44:00.002000Z,100.0,100.0,60.0,,noise,0,Noise,"rule:rms20-45Hz>=2.5xlocal15min,active>=15s,coincident>=2",AM,2-45,321.24511547553965,1531.159686990704,49.981754702104475,289.53773534609275,0.024207499504555516,1.640911071681462,1.8714240172815924,,,82.29953018190729,0,0,0.6073151886970608
134,,AM,R9286,00,EHZ,61.1981981981982,-149.9555513371914,2026-09-05T12:46:00.002000Z,2026-09-05T12:47:00.002000Z,100.0,100.0,60.0,,aircraft,5,Aircraft,"rule:rms20-45Hz>=2.5xlocal15min,active>=15s,coincident>=2",AM,2-45,547.6186663256117,3332.160179879334,298.57089558017765,1902.1403627346474,0.297261356425312,3.2060208275013298,1.230154879352365,,,82.29953018190729,46,2,3.627856622270432
135,,AM,R9286,00,EHZ,61.1981981981982,-149.9555513371914,2026-09-05T12:50:00.002000Z,2026-09-05T12:51:00.002000Z,100.0,100.0,60.0,,noise,0,Noise,"rule:rms20-45Hz>=2.5xlocal15min,active>=15s,coincident>=2",AM,2-45,272.5479849607789,920.160685770777,47.57379528554022,177.71922891122057,0.03046839995425195,1.7043430732510447,0.12653032400087794,,,79.32810715992785,0,0,0.5997091949973042
136,,AM,R9286,00,EHZ,61.1981981981982,-149.9555513371914,2026-09-05T12:51:00.002000Z,2026-09-05T12:52:00.002000Z,100.0,100.0,60.0,,noise,0,Noise,"rule:rms20-45Hz>=2.5xlocal15min,active>=15s,coincident>=2",AM,2-45,348.53440304615447,1522.1609398293544,117.57259404376835,673.7755240184987,0.11379440124240292,3.7878001048981225,3.3362740520495144,,,79.32810715992785,4,0,1.4821051233043852
137,,AM,R9286,00,EHZ,61.1981981981982,-149.9555513371914,2026-09-05T12:57:00.002000Z,2026-09-05T12:58:00.002000Z,100.0,100.0,60.0,,noise,0,Noise,"rule:rms20-45Hz>=2.5xlocal15min,active>=15s,coincident>=2",AM,2-45,336.49636965573296,1568.8382405013986,151.56457487053564,819.5580491080937,0.20287785528053343,3.1853936362824493,1.7660750087501746,,,79.32810715992785,8,0,1.9106036976903644
138,,AM,R9286,00,EHZ,61.1981981981982,-149.9555513371914,2026-09-05T14:54:00.002000Z,2026-09-05T14:55:00.002000Z,100.0,100.0,60.0,,aircraft,5,Aircraft,"rule:rms20-45Hz>=2.5xlocal15min,active>=15s,coincident>=2",AM,2-45,529.032699054494,1956.821810122878,208.9158965983902,1159.224281792187,0.15594732935271283,2.3827759864384723,0.5565240409813588,,,75.84776517975635,35,2,2.7544107081239293
139,,AM,R9286,00,EHZ,61.1981981981982,-149.9555513371914,2026-09-06T00:37:00.002000Z,2026-09-06T00:38:00.002000Z,100.0,100.0,60.0,,aircraft,5,Aircraft,"rule:rms20-45Hz>=2.5xlocal15min,active>=15s,coincident>=2",AM,2-45,489.4464820109278,1864.260082111748,222.91325911730038,1346.694738937541,0.20742513457492937,3.6960214421772672,0.8989436131704265,,,86.94716787417276,29,2,2.5637782640590836
